source,paper,formulation_id,experiment_id,assay_category,composition_confidence,ionizable_mol_pct,helper_mol_pct,cholesterol_mol_pct,peg_mol_pct,il_to_helper_ratio,il_to_chol_ratio,chol_to_helper_ratio,peg_chain_numeric,dose_mg_per_kg,targeting_encoded,helper_is_cationic,species_mouse,species_nhp,species_human,assay_barcode_delivery,assay_depletion,assay_editing,assay_knockdown,assay_protein_expression,hl_dspc,hl_dope,hl_dotap,hl_ddab,hl_dotma,hl_epc,receptor_cd117,receptor_cd45,clone_2b8,clone_ack2,clone_igg,il_molecular_weight,il_logp,il_tpsa,il_hbd,il_hba,il_rotatable_bonds,il_num_rings,il_heavy_atom_count,target,metric_type,covalent_lipid_mol_pct,label_boundary_case
hsc_curated,breda_2023,CD117/LNP,3_in_vitro_Cre_LSK,editing,HIGH,50.0,10.0,38.5,1.5,5.0,1.2987012987012987,3.85,,,2,0,1,0,0,0,0,1,0,0,1,0,0,0,0,0,1,0,1,0,0,710.18,13.41,73.56,0.0,7.0,39.0,0.0,50.0,2.0,editing_pct,0.0,0
hsc_curated,breda_2023,CD117/LNP,4_ex_vivo_Cre_transplant,editing,HIGH,50.0,10.0,38.5,1.5,5.0,1.2987012987012987,3.85,,,2,0,1,0,0,0,0,1,0,0,1,0,0,0,0,0,1,0,1,0,0,710.18,13.41,73.56,0.0,7.0,39.0,0.0,50.0,2.0,editing_pct,0.0,0
hsc_curated,breda_2023,CD117/LNP,6_in_vivo_Cre_5ug,editing,HIGH,50.0,10.0,38.5,1.5,5.0,1.2987012987012987,3.85,,0.25,2,0,1,0,0,0,0,1,0,0,1,0,0,0,0,0,1,0,1,0,0,710.18,13.41,73.56,0.0,7.0,39.0,0.0,50.0,2.0,editing_pct,0.0,0
hsc_curated,breda_2023,CD117/LNP,7_in_vivo_Cre_1ug,editing,HIGH,50.0,10.0,38.5,1.5,5.0,1.2987012987012987,3.85,,0.05,2,0,1,0,0,0,0,1,0,0,1,0,0,0,0,0,1,0,1,0,0,710.18,13.41,73.56,0.0,7.0,39.0,0.0,50.0,1.0,editing_pct,0.0,0
hsc_curated,breda_2023,hCD117/LNP (anti-human CD117),8_ex_vivo_SCD_base_editing,editing,HIGH,50.0,10.0,38.5,1.5,5.0,1.2987012987012987,3.85,,,2,0,0,0,1,0,0,1,0,0,1,0,0,0,0,0,1,0,0,0,0,710.18,13.41,73.56,0.0,7.0,39.0,0.0,50.0,2.0,editing_pct,0.0,0
hsc_curated,breda_2023,IgG/LNP,4_ex_vivo_Cre_transplant_IgG_0.1ug,editing,HIGH,50.0,10.0,38.5,1.5,5.0,1.2987012987012987,3.85,,,2,0,1,0,0,0,0,1,0,0,1,0,0,0,0,0,0,0,0,0,1,710.18,13.41,73.56,0.0,7.0,39.0,0.0,50.0,1.0,editing_pct,0.0,0
hsc_curated,breda_2023,IgG/LNP,4_ex_vivo_Cre_transplant_IgG_1ug,editing,HIGH,50.0,10.0,38.5,1.5,5.0,1.2987012987012987,3.85,,,2,0,1,0,0,0,0,1,0,0,1,0,0,0,0,0,0,0,0,0,1,710.18,13.41,73.56,0.0,7.0,39.0,0.0,50.0,1.0,editing_pct,0.0,0
hsc_curated,breda_2023,IgG/LNP,6_in_vivo_Cre_5ug_IgG_control,editing,HIGH,50.0,10.0,38.5,1.5,5.0,1.2987012987012987,3.85,,0.25,2,0,1,0,0,0,0,1,0,0,1,0,0,0,0,0,0,0,0,0,1,710.18,13.41,73.56,0.0,7.0,39.0,0.0,50.0,1.0,editing_pct,0.0,0
hsc_curated,breda_2023,CD117/LNP,10_in_vivo_PUMA_conditioning_LSK_decrease,depletion,HIGH,50.0,10.0,38.5,1.5,5.0,1.2987012987012987,3.85,,0.05,2,0,1,0,0,0,1,0,0,0,1,0,0,0,0,0,1,0,1,0,0,710.18,13.41,73.56,0.0,7.0,39.0,0.0,50.0,2.0,editing_pct,0.0,0
kim_2024_experiments,kim_2024,F1_LNP67,E2_individual_validation_F1_LNP67,protein_expression,HIGH,35.0,15.0,47.5,2.5,2.3333333333333335,0.7368421052631579,3.1666666666666665,14.0,0.5,1,1,1,0,0,0,0,0,0,1,0,0,1,0,0,0,0,0,0,0,0,902.9,13.564,71.16,2.0,6.0,50.0,1.0,64.0,1.0,reporter_pct,0.0,0
kim_2024_experiments,kim_2024,F2_LNP95,E2_individual_validation_F2_LNP95,protein_expression,HIGH,,,,,,,,18.0,0.5,1,1,1,0,0,0,0,0,0,1,0,0,1,0,0,0,0,0,0,0,0,902.9,13.564,71.16,2.0,6.0,50.0,1.0,64.0,0.0,reporter_pct,0.0,0
kim_2024_experiments,kim_2024,F3_LNP108,E2_individual_validation_F3_LNP108,protein_expression,HIGH,,,,,,,,14.0,0.5,1,0,1,0,0,0,0,0,0,1,1,0,0,0,0,0,0,0,0,0,0,902.9,13.564,71.16,2.0,6.0,50.0,1.0,64.0,0.0,reporter_pct,0.0,0
kim_2024_experiments,kim_2024,F4_LP01,E2_individual_validation_F4_LP01,protein_expression,HIGH,50.0,10.0,38.5,1.5,5.0,1.2987012987012987,3.85,14.0,0.5,1,0,1,0,0,0,0,0,0,1,1,0,0,0,0,0,0,0,0,0,0,902.9,13.564,71.16,2.0,6.0,50.0,1.0,64.0,0.0,reporter_pct,0.0,0
kim_2024_experiments,kim_2024,F1_LNP67,E3_dose_response_mouse_0.5_mg_kg,protein_expression,HIGH,35.0,15.0,47.5,2.5,2.3333333333333335,0.7368421052631579,3.1666666666666665,14.0,0.5,1,1,1,0,0,0,0,0,0,1,0,0,1,0,0,0,0,0,0,0,0,902.9,13.564,71.16,2.0,6.0,50.0,1.0,64.0,1.0,reporter_pct,0.0,0
kim_2024_experiments,kim_2024,F1_LNP67,E3_dose_response_mouse_1.0_mg_kg,protein_expression,HIGH,35.0,15.0,47.5,2.5,2.3333333333333335,0.7368421052631579,3.1666666666666665,14.0,1.0,1,1,1,0,0,0,0,0,0,1,0,0,1,0,0,0,0,0,0,0,0,902.9,13.564,71.16,2.0,6.0,50.0,1.0,64.0,1.0,reporter_pct,0.0,0
kim_2024_experiments,kim_2024,F1_LNP67,E3_dose_response_mouse_2.0_mg_kg,protein_expression,HIGH,35.0,15.0,47.5,2.5,2.3333333333333335,0.7368421052631579,3.1666666666666665,14.0,2.0,1,1,1,0,0,0,0,0,0,1,0,0,1,0,0,0,0,0,0,0,0,902.9,13.564,71.16,2.0,6.0,50.0,1.0,64.0,2.0,reporter_pct,0.0,0
kim_2024_experiments,kim_2024,F1_LNP67,E6_human_ex_vivo_0.25_ug_ml,protein_expression,HIGH,35.0,15.0,47.5,2.5,2.3333333333333335,0.7368421052631579,3.1666666666666665,14.0,,1,1,0,0,1,0,0,0,0,1,0,0,1,0,0,0,0,0,0,0,0,902.9,13.564,71.16,2.0,6.0,50.0,1.0,64.0,1.0,reporter_pct,0.0,0
kim_2024_experiments,kim_2024,F1_LNP67,E6_human_ex_vivo_0.5_ug_ml,protein_expression,HIGH,35.0,15.0,47.5,2.5,2.3333333333333335,0.7368421052631579,3.1666666666666665,14.0,,1,1,0,0,1,0,0,0,0,1,0,0,1,0,0,0,0,0,0,0,0,902.9,13.564,71.16,2.0,6.0,50.0,1.0,64.0,1.0,reporter_pct,0.0,0
kim_2024_experiments,kim_2024,F1_LNP67,E6_human_ex_vivo_1.0_ug_ml,protein_expression,HIGH,35.0,15.0,47.5,2.5,2.3333333333333335,0.7368421052631579,3.1666666666666665,14.0,,1,1,0,0,1,0,0,0,0,1,0,0,1,0,0,0,0,0,0,0,0,902.9,13.564,71.16,2.0,6.0,50.0,1.0,64.0,1.0,reporter_pct,0.0,0
kim_2024_experiments,kim_2024,F1_LNP67,E6_human_ex_vivo_2.0_ug_ml,protein_expression,HIGH,35.0,15.0,47.5,2.5,2.3333333333333335,0.7368421052631579,3.1666666666666665,14.0,,1,1,0,0,1,0,0,0,0,1,0,0,1,0,0,0,0,0,0,0,0,902.9,13.564,71.16,2.0,6.0,50.0,1.0,64.0,2.0,reporter_pct,0.0,0
kim_2024_experiments,kim_2024,F1_LNP67,E6_human_ex_vivo_4.0_ug_ml,protein_expression,HIGH,35.0,15.0,47.5,2.5,2.3333333333333335,0.7368421052631579,3.1666666666666665,14.0,,1,1,0,0,1,0,0,0,0,1,0,0,1,0,0,0,0,0,0,0,0,902.9,13.564,71.16,2.0,6.0,50.0,1.0,64.0,2.0,reporter_pct,0.0,0
kim_2024_experiments,kim_2024,F1_LNP67,E8_freeze_thaw_fresh,protein_expression,HIGH,35.0,15.0,47.5,2.5,2.3333333333333335,0.7368421052631579,3.1666666666666665,14.0,1.0,1,1,1,0,0,0,0,0,0,1,0,0,1,0,0,0,0,0,0,0,0,902.9,13.564,71.16,2.0,6.0,50.0,1.0,64.0,1.0,reporter_pct,0.0,0
kim_2024_experiments,kim_2024,F1_LNP67,E8_freeze_thaw_freeze_thaw,protein_expression,HIGH,35.0,15.0,47.5,2.5,2.3333333333333335,0.7368421052631579,3.1666666666666665,14.0,1.0,1,1,1,0,0,0,0,0,0,1,0,0,1,0,0,0,0,0,0,0,0,902.9,13.564,71.16,2.0,6.0,50.0,1.0,64.0,1.0,reporter_pct,0.0,0
hsc_curated,shi_2023,F5_ALC0315_C14PEG,E2_in_vivo_PEG_lipid_uptake_screen_DMG_PEG_C14,knockdown,HIGH,,,,,,,,14.0,1.0,2,0,1,0,0,0,0,0,1,0,1,0,0,0,0,0,1,0,1,0,0,765.72,13.942,76.07,1.0,6.0,44.0,0.0,54.0,1.0,reporter_pct,0.0,0
hsc_curated,shi_2023,F7_ALC0315_C18PEG,E2_in_vivo_PEG_lipid_uptake_screen_DSG_PEG_C18,knockdown,HIGH,50.0,10.0,38.0,1.5,5.0,1.3157894736842106,3.8,18.0,1.0,2,0,1,0,0,0,0,0,1,0,1,0,0,0,0,0,1,0,1,0,0,765.72,13.942,76.07,1.0,6.0,44.0,0.0,54.0,2.0,reporter_pct,0.0,0
hsc_curated,shi_2023,F5_ALC0315_C14PEG,E2b_in_vivo_PEG_lipid_mRNA_screen_DMG_PEG_C14,editing,HIGH,,,,,,,,14.0,0.3,2,0,1,0,0,0,0,1,0,0,1,0,0,0,0,0,1,0,1,0,0,765.72,13.942,76.07,1.0,6.0,44.0,0.0,54.0,2.0,editing_pct,0.0,0
hsc_curated,shi_2023,F6_ALC0315_C16PEG,E2b_in_vivo_PEG_lipid_mRNA_screen_DPG_PEG_C16,editing,HIGH,,,,,,,,16.0,0.3,2,0,1,0,0,0,0,1,0,0,1,0,0,0,0,0,1,0,1,0,0,765.72,13.942,76.07,1.0,6.0,44.0,0.0,54.0,2.0,editing_pct,0.0,0
hsc_curated,shi_2023,F7_ALC0315_C18PEG,E2b_in_vivo_PEG_lipid_mRNA_screen_DSG_PEG_C18,editing,HIGH,50.0,10.0,38.0,1.5,5.0,1.3157894736842106,3.8,18.0,0.3,2,0,1,0,0,0,0,1,0,0,1,0,0,0,0,0,1,0,1,0,0,765.72,13.942,76.07,1.0,6.0,44.0,0.0,54.0,2.0,editing_pct,0.0,0
hsc_curated,shi_2023,PBS_control,E2b_in_vivo_PEG_lipid_mRNA_screen_PBS,editing,LOW,,,,,,,,,0.3,2,0,1,0,0,0,0,1,0,0,0,0,0,0,0,0,0,0,0,0,0,,,,,,,,,0.0,editing_pct,0.0,0
hsc_curated,shi_2023,F9_IgG_isotype,E4_in_vivo_receptor_and_clone_screen_Isotype,knockdown,HIGH,,,,,,,,18.0,1.0,2,0,1,0,0,0,0,0,1,0,1,0,0,0,0,0,0,0,0,0,1,765.72,13.942,76.07,1.0,6.0,44.0,0.0,54.0,0.0,reporter_pct,0.0,0
hsc_curated,shi_2023,F10_unconjugated,E4_in_vivo_receptor_and_clone_screen_Free_Ab_plus_LNP,knockdown,HIGH,,,,,,,,18.0,1.0,0,0,1,0,0,0,0,0,1,0,1,0,0,0,0,0,0,0,0,0,0,765.72,13.942,76.07,1.0,6.0,44.0,0.0,54.0,0.0,reporter_pct,0.0,0
hsc_curated,shi_2023,F7_ALC0315_C18PEG,E5_in_vivo_Cre_dose_response_0.3_mg_kg_HSPC,editing,HIGH,50.0,10.0,38.0,1.5,5.0,1.3157894736842106,3.8,18.0,0.3,2,0,1,0,0,0,0,1,0,0,1,0,0,0,0,0,1,0,1,0,0,765.72,13.942,76.07,1.0,6.0,44.0,0.0,54.0,2.0,editing_pct,0.0,0
hsc_curated,shi_2023,F7_ALC0315_C18PEG,E5_in_vivo_Cre_dose_response_0.3_mg_kg_LT_HSC,editing,HIGH,50.0,10.0,38.0,1.5,5.0,1.3157894736842106,3.8,18.0,0.3,2,0,1,0,0,0,0,1,0,0,1,0,0,0,0,0,1,0,1,0,0,765.72,13.942,76.07,1.0,6.0,44.0,0.0,54.0,2.0,editing_pct,0.0,0
hsc_curated,shi_2023,F7_ALC0315_C18PEG,E5_in_vivo_Cre_dose_response_1.0_mg_kg_HSPC,editing,HIGH,50.0,10.0,38.0,1.5,5.0,1.3157894736842106,3.8,18.0,1.0,2,0,1,0,0,0,0,1,0,0,1,0,0,0,0,0,1,0,1,0,0,765.72,13.942,76.07,1.0,6.0,44.0,0.0,54.0,2.0,editing_pct,0.0,0
hsc_curated,shi_2023,F7_ALC0315_C18PEG,E5_in_vivo_Cre_dose_response_1.0_mg_kg_LT_HSC,editing,HIGH,50.0,10.0,38.0,1.5,5.0,1.3157894736842106,3.8,18.0,1.0,2,0,1,0,0,0,0,1,0,0,1,0,0,0,0,0,1,0,1,0,0,765.72,13.942,76.07,1.0,6.0,44.0,0.0,54.0,2.0,editing_pct,0.0,0
hsc_curated,shi_2023,F7_ALC0315_C18PEG,E5_in_vivo_Cre_dose_response_1.0_mg_kg_unconjugated,editing,HIGH,50.0,10.0,38.0,1.5,5.0,1.3157894736842106,3.8,18.0,1.0,2,0,1,0,0,0,0,1,0,0,1,0,0,0,0,0,1,0,1,0,0,765.72,13.942,76.07,1.0,6.0,44.0,0.0,54.0,1.0,editing_pct,0.0,0
hsc_curated,shi_2023,F7_ALC0315_C18PEG,E6_peripheral_blood_lineage_tracking_2wk_myeloid_CD11b,editing,HIGH,50.0,10.0,38.0,1.5,5.0,1.3157894736842106,3.8,18.0,1.0,2,0,1,0,0,0,0,1,0,0,1,0,0,0,0,0,1,0,1,0,0,765.72,13.942,76.07,1.0,6.0,44.0,0.0,54.0,2.0,editing_pct,0.0,0
hsc_curated,shi_2023,F7_ALC0315_C18PEG,E6_peripheral_blood_lineage_tracking_2wk_B_cells_B220,editing,HIGH,50.0,10.0,38.0,1.5,5.0,1.3157894736842106,3.8,18.0,1.0,2,0,1,0,0,0,0,1,0,0,1,0,0,0,0,0,1,0,1,0,0,765.72,13.942,76.07,1.0,6.0,44.0,0.0,54.0,2.0,editing_pct,0.0,0
hsc_curated,shi_2023,F7_ALC0315_C18PEG,E6_peripheral_blood_lineage_tracking_2wk_T_cells_CD3e,editing,HIGH,50.0,10.0,38.0,1.5,5.0,1.3157894736842106,3.8,18.0,1.0,2,0,1,0,0,0,0,1,0,0,1,0,0,0,0,0,1,0,1,0,0,765.72,13.942,76.07,1.0,6.0,44.0,0.0,54.0,0.0,editing_pct,0.0,0
hsc_curated,shi_2023,F7_ALC0315_C18PEG,E6_peripheral_blood_lineage_tracking_14wk_myeloid,editing,HIGH,50.0,10.0,38.0,1.5,5.0,1.3157894736842106,3.8,18.0,1.0,2,0,1,0,0,0,0,1,0,0,1,0,0,0,0,0,1,0,1,0,0,765.72,13.942,76.07,1.0,6.0,44.0,0.0,54.0,2.0,editing_pct,0.0,0
hsc_curated,shi_2023,F7_ALC0315_C18PEG,E6_peripheral_blood_lineage_tracking_14wk_B_cells,editing,HIGH,50.0,10.0,38.0,1.5,5.0,1.3157894736842106,3.8,18.0,1.0,2,0,1,0,0,0,0,1,0,0,1,0,0,0,0,0,1,0,1,0,0,765.72,13.942,76.07,1.0,6.0,44.0,0.0,54.0,2.0,editing_pct,0.0,0
hsc_curated,shi_2023,F7_ALC0315_C18PEG,E6_peripheral_blood_lineage_tracking_14wk_T_cells,editing,HIGH,50.0,10.0,38.0,1.5,5.0,1.3157894736842106,3.8,18.0,1.0,2,0,1,0,0,0,0,1,0,0,1,0,0,0,0,0,1,0,1,0,0,765.72,13.942,76.07,1.0,6.0,44.0,0.0,54.0,2.0,editing_pct,0.0,0
hsc_curated,shi_2023,F7_ALC0315_C18PEG,E6_peripheral_blood_lineage_tracking_14wk_erythrocytes_TER119,editing,HIGH,50.0,10.0,38.0,1.5,5.0,1.3157894736842106,3.8,18.0,1.0,2,0,1,0,0,0,0,1,0,0,1,0,0,0,0,0,1,0,1,0,0,765.72,13.942,76.07,1.0,6.0,44.0,0.0,54.0,2.0,editing_pct,0.0,0
hsc_curated,shi_2023,PBS_control,E8_ligand_density_optimization_PBS,knockdown,LOW,,,,,,,,,0.3,2,0,1,0,0,0,0,0,1,0,0,0,0,0,0,0,0,0,0,0,0,,,,,,,,,0.0,reporter_pct,0.0,0
kim_2024_screen,kim_2024,LNP1,barcoded_screen,barcode_delivery,PARTIAL,,,,,,,,14.0,,1,1,0,0,0,1,0,0,0,0,0,0,0,1,0,0,0,0,0,0,0,902.9,13.564,71.16,2.0,6.0,50.0,1.0,64.0,0.0,barcode_normalized,0.0,0
kim_2024_screen,kim_2024,LNP5,barcoded_screen,barcode_delivery,PARTIAL,,,,,,,,14.0,,1,1,0,0,0,1,0,0,0,0,0,0,0,1,0,0,0,0,0,0,0,902.9,13.564,71.16,2.0,6.0,50.0,1.0,64.0,0.0,barcode_normalized,0.0,0
kim_2024_screen,kim_2024,LNP6,barcoded_screen,barcode_delivery,PARTIAL,,,,,,,,14.0,,1,1,0,0,0,1,0,0,0,0,0,0,0,1,0,0,0,0,0,0,0,902.9,13.564,71.16,2.0,6.0,50.0,1.0,64.0,0.0,barcode_normalized,0.0,0
kim_2024_screen,kim_2024,LNP7,barcoded_screen,barcode_delivery,PARTIAL,,,,,,,,14.0,,1,1,0,0,0,1,0,0,0,0,0,0,0,1,0,0,0,0,0,0,0,902.9,13.564,71.16,2.0,6.0,50.0,1.0,64.0,0.0,barcode_normalized,0.0,0
kim_2024_screen,kim_2024,LNP9,barcoded_screen,barcode_delivery,PARTIAL,,,,,,,,18.0,,1,1,0,0,0,1,0,0,0,0,0,0,0,1,0,0,0,0,0,0,0,902.9,13.564,71.16,2.0,6.0,50.0,1.0,64.0,0.0,barcode_normalized,0.0,0
kim_2024_screen,kim_2024,LNP11,barcoded_screen,barcode_delivery,PARTIAL,,,,,,,,18.0,,1,1,0,0,0,1,0,0,0,0,0,0,0,1,0,0,0,0,0,0,0,902.9,13.564,71.16,2.0,6.0,50.0,1.0,64.0,0.0,barcode_normalized,0.0,0
kim_2024_screen,kim_2024,LNP14,barcoded_screen,barcode_delivery,PARTIAL,,,,,,,,18.0,,1,1,0,0,0,1,0,0,0,0,0,0,0,1,0,0,0,0,0,0,0,902.9,13.564,71.16,2.0,6.0,50.0,1.0,64.0,0.0,barcode_normalized,0.0,0
kim_2024_screen,kim_2024,LNP17,barcoded_screen,barcode_delivery,PARTIAL,,,,,,,,14.0,,1,1,0,0,0,1,0,0,0,0,0,0,0,1,0,0,0,0,0,0,0,902.9,13.564,71.16,2.0,6.0,50.0,1.0,64.0,0.0,barcode_normalized,0.0,0
kim_2024_screen,kim_2024,LNP19,barcoded_screen,barcode_delivery,PARTIAL,,,,,,,,14.0,,1,1,0,0,0,1,0,0,0,0,0,0,0,1,0,0,0,0,0,0,0,902.9,13.564,71.16,2.0,6.0,50.0,1.0,64.0,0.0,barcode_normalized,0.0,0
kim_2024_screen,kim_2024,LNP20,barcoded_screen,barcode_delivery,PARTIAL,,,,,,,,14.0,,1,1,0,0,0,1,0,0,0,0,0,0,0,1,0,0,0,0,0,0,0,902.9,13.564,71.16,2.0,6.0,50.0,1.0,64.0,0.0,barcode_normalized,0.0,0
kim_2024_screen,kim_2024,LNP21,barcoded_screen,barcode_delivery,PARTIAL,,,,,,,,14.0,,1,1,0,0,0,1,0,0,0,0,0,0,0,1,0,0,0,0,0,0,0,902.9,13.564,71.16,2.0,6.0,50.0,1.0,64.0,0.0,barcode_normalized,0.0,0
kim_2024_screen,kim_2024,LNP22,barcoded_screen,barcode_delivery,PARTIAL,,,,,,,,14.0,,1,1,0,0,0,1,0,0,0,0,0,0,0,1,0,0,0,0,0,0,0,902.9,13.564,71.16,2.0,6.0,50.0,1.0,64.0,0.0,barcode_normalized,0.0,0
kim_2024_screen,kim_2024,LNP25,barcoded_screen,barcode_delivery,PARTIAL,,,,,,,,18.0,,1,1,0,0,0,1,0,0,0,0,0,0,0,1,0,0,0,0,0,0,0,902.9,13.564,71.16,2.0,6.0,50.0,1.0,64.0,0.0,barcode_normalized,0.0,0
kim_2024_screen,kim_2024,LNP27,barcoded_screen,barcode_delivery,PARTIAL,,,,,,,,18.0,,1,1,0,0,0,1,0,0,0,0,0,0,0,1,0,0,0,0,0,0,0,902.9,13.564,71.16,2.0,6.0,50.0,1.0,64.0,0.0,barcode_normalized,0.0,0
kim_2024_screen,kim_2024,LNP30,barcoded_screen,barcode_delivery,PARTIAL,,,,,,,,18.0,,1,1,0,0,0,1,0,0,0,0,0,0,0,1,0,0,0,0,0,0,0,902.9,13.564,71.16,2.0,6.0,50.0,1.0,64.0,0.0,barcode_normalized,0.0,0
kim_2024_screen,kim_2024,LNP31,barcoded_screen,barcode_delivery,PARTIAL,,,,,,,,18.0,,1,1,0,0,0,1,0,0,0,0,0,0,0,1,0,0,0,0,0,0,0,902.9,13.564,71.16,2.0,6.0,50.0,1.0,64.0,0.0,barcode_normalized,0.0,0
kim_2024_screen,kim_2024,LNP33,barcoded_screen,barcode_delivery,PARTIAL,,,,,,,,14.0,,1,1,0,0,0,1,0,0,0,0,0,0,0,0,1,0,0,0,0,0,0,902.9,13.564,71.16,2.0,6.0,50.0,1.0,64.0,0.0,barcode_normalized,0.0,0
kim_2024_screen,kim_2024,LNP35,barcoded_screen,barcode_delivery,PARTIAL,,,,,,,,14.0,,1,1,0,0,0,1,0,0,0,0,0,0,0,0,1,0,0,0,0,0,0,902.9,13.564,71.16,2.0,6.0,50.0,1.0,64.0,0.0,barcode_normalized,0.0,0
kim_2024_screen,kim_2024,LNP38,barcoded_screen,barcode_delivery,PARTIAL,,,,,,,,14.0,,1,1,0,0,0,1,0,0,0,0,0,0,0,0,1,0,0,0,0,0,0,902.9,13.564,71.16,2.0,6.0,50.0,1.0,64.0,0.0,barcode_normalized,0.0,0
kim_2024_screen,kim_2024,LNP39,barcoded_screen,barcode_delivery,PARTIAL,,,,,,,,14.0,,1,1,0,0,0,1,0,0,0,0,0,0,0,0,1,0,0,0,0,0,0,902.9,13.564,71.16,2.0,6.0,50.0,1.0,64.0,0.0,barcode_normalized,0.0,0
kim_2024_screen,kim_2024,LNP42,barcoded_screen,barcode_delivery,PARTIAL,,,,,,,,18.0,,1,1,0,0,0,1,0,0,0,0,0,0,0,0,1,0,0,0,0,0,0,902.9,13.564,71.16,2.0,6.0,50.0,1.0,64.0,0.0,barcode_normalized,0.0,0
kim_2024_screen,kim_2024,LNP44,barcoded_screen,barcode_delivery,PARTIAL,,,,,,,,18.0,,1,1,0,0,0,1,0,0,0,0,0,0,0,0,1,0,0,0,0,0,0,902.9,13.564,71.16,2.0,6.0,50.0,1.0,64.0,0.0,barcode_normalized,0.0,0
kim_2024_screen,kim_2024,LNP47,barcoded_screen,barcode_delivery,PARTIAL,,,,,,,,18.0,,1,1,0,0,0,1,0,0,0,0,0,0,0,0,1,0,0,0,0,0,0,902.9,13.564,71.16,2.0,6.0,50.0,1.0,64.0,0.0,barcode_normalized,0.0,0
kim_2024_screen,kim_2024,LNP51,barcoded_screen,barcode_delivery,PARTIAL,,,,,,,,14.0,,1,1,0,0,0,1,0,0,0,0,0,0,0,0,1,0,0,0,0,0,0,902.9,13.564,71.16,2.0,6.0,50.0,1.0,64.0,0.0,barcode_normalized,0.0,0
kim_2024_screen,kim_2024,LNP53,barcoded_screen,barcode_delivery,PARTIAL,,,,,,,,14.0,,1,1,0,0,0,1,0,0,0,0,0,0,0,0,1,0,0,0,0,0,0,902.9,13.564,71.16,2.0,6.0,50.0,1.0,64.0,0.0,barcode_normalized,0.0,0
kim_2024_screen,kim_2024,LNP54,barcoded_screen,barcode_delivery,PARTIAL,,,,,,,,14.0,,1,1,0,0,0,1,0,0,0,0,0,0,0,0,1,0,0,0,0,0,0,902.9,13.564,71.16,2.0,6.0,50.0,1.0,64.0,0.0,barcode_normalized,0.0,0
kim_2024_screen,kim_2024,LNP57,barcoded_screen,barcode_delivery,PARTIAL,,,,,,,,18.0,,1,1,0,0,0,1,0,0,0,0,0,0,0,0,1,0,0,0,0,0,0,902.9,13.564,71.16,2.0,6.0,50.0,1.0,64.0,0.0,barcode_normalized,0.0,0
kim_2024_screen,kim_2024,LNP59,barcoded_screen,barcode_delivery,PARTIAL,,,,,,,,18.0,,1,1,0,0,0,1,0,0,0,0,0,0,0,0,1,0,0,0,0,0,0,902.9,13.564,71.16,2.0,6.0,50.0,1.0,64.0,0.0,barcode_normalized,0.0,0
kim_2024_screen,kim_2024,LNP60,barcoded_screen,barcode_delivery,PARTIAL,,,,,,,,18.0,,1,1,0,0,0,1,0,0,0,0,0,0,0,0,1,0,0,0,0,0,0,902.9,13.564,71.16,2.0,6.0,50.0,1.0,64.0,0.0,barcode_normalized,0.0,0
kim_2024_screen,kim_2024,LNP61,barcoded_screen,barcode_delivery,PARTIAL,,,,,,,,18.0,,1,1,0,0,0,1,0,0,0,0,0,0,0,0,1,0,0,0,0,0,0,902.9,13.564,71.16,2.0,6.0,50.0,1.0,64.0,0.0,barcode_normalized,0.0,0
kim_2024_screen,kim_2024,LNP62,barcoded_screen,barcode_delivery,PARTIAL,,,,,,,,18.0,,1,1,0,0,0,1,0,0,0,0,0,0,0,0,1,0,0,0,0,0,0,902.9,13.564,71.16,2.0,6.0,50.0,1.0,64.0,0.0,barcode_normalized,0.0,0
kim_2024_screen,kim_2024,LNP63,barcoded_screen,barcode_delivery,PARTIAL,,,,,,,,18.0,,1,1,0,0,0,1,0,0,0,0,0,0,0,0,1,0,0,0,0,0,0,902.9,13.564,71.16,2.0,6.0,50.0,1.0,64.0,0.0,barcode_normalized,0.0,0
kim_2024_screen,kim_2024,LNP67,barcoded_screen,barcode_delivery,HIGH,35.0,15.0,47.5,2.5,2.3333333333333335,0.7368421052631579,3.1666666666666665,14.0,,1,1,0,0,0,1,0,0,0,0,0,0,1,0,0,0,0,0,0,0,0,902.9,13.564,71.16,2.0,6.0,50.0,1.0,64.0,2.0,barcode_normalized,0.0,0
kim_2024_screen,kim_2024,LNP68,barcoded_screen,barcode_delivery,PARTIAL,,,,,,,,14.0,,1,1,0,0,0,1,0,0,0,0,0,0,1,0,0,0,0,0,0,0,0,902.9,13.564,71.16,2.0,6.0,50.0,1.0,64.0,0.0,barcode_normalized,0.0,0
kim_2024_screen,kim_2024,LNP69,barcoded_screen,barcode_delivery,PARTIAL,,,,,,,,14.0,,1,1,0,0,0,1,0,0,0,0,0,0,1,0,0,0,0,0,0,0,0,902.9,13.564,71.16,2.0,6.0,50.0,1.0,64.0,0.0,barcode_normalized,0.0,0
kim_2024_screen,kim_2024,LNP71,barcoded_screen,barcode_delivery,PARTIAL,,,,,,,,14.0,,1,1,0,0,0,1,0,0,0,0,0,0,1,0,0,0,0,0,0,0,0,902.9,13.564,71.16,2.0,6.0,50.0,1.0,64.0,0.0,barcode_normalized,0.0,0
kim_2024_screen,kim_2024,LNP73,barcoded_screen,barcode_delivery,PARTIAL,,,,,,,,18.0,,1,1,0,0,0,1,0,0,0,0,0,0,1,0,0,0,0,0,0,0,0,902.9,13.564,71.16,2.0,6.0,50.0,1.0,64.0,0.0,barcode_normalized,0.0,0
kim_2024_screen,kim_2024,LNP76,barcoded_screen,barcode_delivery,PARTIAL,,,,,,,,18.0,,1,1,0,0,0,1,0,0,0,0,0,0,1,0,0,0,0,0,0,0,0,902.9,13.564,71.16,2.0,6.0,50.0,1.0,64.0,0.0,barcode_normalized,0.0,0
kim_2024_screen,kim_2024,LNP77,barcoded_screen,barcode_delivery,PARTIAL,,,,,,,,18.0,,1,1,0,0,0,1,0,0,0,0,0,0,1,0,0,0,0,0,0,0,0,902.9,13.564,71.16,2.0,6.0,50.0,1.0,64.0,0.0,barcode_normalized,0.0,0
kim_2024_screen,kim_2024,LNP79,barcoded_screen,barcode_delivery,PARTIAL,,,,,,,,18.0,,1,1,0,0,0,1,0,0,0,0,0,0,1,0,0,0,0,0,0,0,0,902.9,13.564,71.16,2.0,6.0,50.0,1.0,64.0,0.0,barcode_normalized,0.0,0
kim_2024_screen,kim_2024,LNP81,barcoded_screen,barcode_delivery,PARTIAL,,,,,,,,14.0,,1,1,0,0,0,1,0,0,0,0,0,0,1,0,0,0,0,0,0,0,0,902.9,13.564,71.16,2.0,6.0,50.0,1.0,64.0,0.0,barcode_normalized,0.0,0
kim_2024_screen,kim_2024,LNP82,barcoded_screen,barcode_delivery,PARTIAL,,,,,,,,14.0,,1,1,0,0,0,1,0,0,0,0,0,0,1,0,0,0,0,0,0,0,0,902.9,13.564,71.16,2.0,6.0,50.0,1.0,64.0,0.0,barcode_normalized,0.0,0
kim_2024_screen,kim_2024,LNP84,barcoded_screen,barcode_delivery,PARTIAL,,,,,,,,14.0,,1,1,0,0,0,1,0,0,0,0,0,0,1,0,0,0,0,0,0,0,0,902.9,13.564,71.16,2.0,6.0,50.0,1.0,64.0,0.0,barcode_normalized,0.0,0
kim_2024_screen,kim_2024,LNP85,barcoded_screen,barcode_delivery,PARTIAL,,,,,,,,14.0,,1,1,0,0,0,1,0,0,0,0,0,0,1,0,0,0,0,0,0,0,0,902.9,13.564,71.16,2.0,6.0,50.0,1.0,64.0,1.0,barcode_normalized,0.0,0
kim_2024_screen,kim_2024,LNP87,barcoded_screen,barcode_delivery,PARTIAL,,,,,,,,14.0,,1,1,0,0,0,1,0,0,0,0,0,0,1,0,0,0,0,0,0,0,0,902.9,13.564,71.16,2.0,6.0,50.0,1.0,64.0,0.0,barcode_normalized,0.0,0
kim_2024_screen,kim_2024,LNP89,barcoded_screen,barcode_delivery,PARTIAL,,,,,,,,18.0,,1,1,0,0,0,1,0,0,0,0,0,0,1,0,0,0,0,0,0,0,0,902.9,13.564,71.16,2.0,6.0,50.0,1.0,64.0,1.0,barcode_normalized,0.0,0
kim_2024_screen,kim_2024,LNP91,barcoded_screen,barcode_delivery,PARTIAL,,,,,,,,18.0,,1,1,0,0,0,1,0,0,0,0,0,0,1,0,0,0,0,0,0,0,0,902.9,13.564,71.16,2.0,6.0,50.0,1.0,64.0,1.0,barcode_normalized,0.0,0
kim_2024_screen,kim_2024,LNP95,barcoded_screen,barcode_delivery,HIGH,50.0,30.0,17.5,2.5,1.6666666666666667,2.857142857142857,0.5833333333333334,18.0,,1,1,0,0,0,1,0,0,0,0,0,0,1,0,0,0,0,0,0,0,0,902.9,13.564,71.16,2.0,6.0,50.0,1.0,64.0,2.0,barcode_normalized,0.0,0
kim_2024_screen,kim_2024,LNP98,barcoded_screen,barcode_delivery,PARTIAL,,,,,,,,14.0,,1,0,0,0,0,1,0,0,0,0,0,0,0,0,0,1,0,0,0,0,0,902.9,13.564,71.16,2.0,6.0,50.0,1.0,64.0,0.0,barcode_normalized,0.0,0
kim_2024_screen,kim_2024,LNP99,barcoded_screen,barcode_delivery,PARTIAL,,,,,,,,14.0,,1,0,0,0,0,1,0,0,0,0,0,0,0,0,0,1,0,0,0,0,0,902.9,13.564,71.16,2.0,6.0,50.0,1.0,64.0,1.0,barcode_normalized,0.0,0
kim_2024_screen,kim_2024,LNP101,barcoded_screen,barcode_delivery,PARTIAL,,,,,,,,14.0,,1,0,0,0,0,1,0,0,0,0,0,0,0,0,0,1,0,0,0,0,0,902.9,13.564,71.16,2.0,6.0,50.0,1.0,64.0,0.0,barcode_normalized,0.0,0
kim_2024_screen,kim_2024,LNP102,barcoded_screen,barcode_delivery,PARTIAL,,,,,,,,14.0,,1,0,0,0,0,1,0,0,0,0,0,0,0,0,0,1,0,0,0,0,0,902.9,13.564,71.16,2.0,6.0,50.0,1.0,64.0,1.0,barcode_normalized,0.0,0
kim_2024_screen,kim_2024,LNP103,barcoded_screen,barcode_delivery,PARTIAL,,,,,,,,14.0,,1,0,0,0,0,1,0,0,0,0,0,0,0,0,0,1,0,0,0,0,0,902.9,13.564,71.16,2.0,6.0,50.0,1.0,64.0,0.0,barcode_normalized,0.0,0
kim_2024_screen,kim_2024,LNP105,barcoded_screen,barcode_delivery,PARTIAL,,,,,,,,18.0,,1,0,0,0,0,1,0,0,0,0,0,0,0,0,0,1,0,0,0,0,0,902.9,13.564,71.16,2.0,6.0,50.0,1.0,64.0,0.0,barcode_normalized,0.0,0
kim_2024_screen,kim_2024,LNP107,barcoded_screen,barcode_delivery,PARTIAL,,,,,,,,18.0,,1,0,0,0,0,1,0,0,0,0,0,0,0,0,0,1,0,0,0,0,0,902.9,13.564,71.16,2.0,6.0,50.0,1.0,64.0,1.0,barcode_normalized,0.0,0
kim_2024_screen,kim_2024,LNP108,barcoded_screen,barcode_delivery,HIGH,45.0,15.0,37.5,2.5,3.0,1.2,2.5,18.0,,1,0,0,0,0,1,0,0,0,0,0,0,0,0,0,1,0,0,0,0,0,902.9,13.564,71.16,2.0,6.0,50.0,1.0,64.0,2.0,barcode_normalized,0.0,0
kim_2024_screen,kim_2024,LNP109,barcoded_screen,barcode_delivery,PARTIAL,,,,,,,,18.0,,1,0,0,0,0,1,0,0,0,0,0,0,0,0,0,1,0,0,0,0,0,902.9,13.564,71.16,2.0,6.0,50.0,1.0,64.0,0.0,barcode_normalized,0.0,0
kim_2024_screen,kim_2024,LNP111,barcoded_screen,barcode_delivery,PARTIAL,,,,,,,,18.0,,1,0,0,0,0,1,0,0,0,0,0,0,0,0,0,1,0,0,0,0,0,902.9,13.564,71.16,2.0,6.0,50.0,1.0,64.0,1.0,barcode_normalized,0.0,0
kim_2024_screen,kim_2024,LNP113,barcoded_screen,barcode_delivery,PARTIAL,,,,,,,,14.0,,1,0,0,0,0,1,0,0,0,0,0,0,0,0,0,1,0,0,0,0,0,902.9,13.564,71.16,2.0,6.0,50.0,1.0,64.0,1.0,barcode_normalized,0.0,0
kim_2024_screen,kim_2024,LNP115,barcoded_screen,barcode_delivery,PARTIAL,,,,,,,,14.0,,1,0,0,0,0,1,0,0,0,0,0,0,0,0,0,1,0,0,0,0,0,902.9,13.564,71.16,2.0,6.0,50.0,1.0,64.0,1.0,barcode_normalized,0.0,0
kim_2024_screen,kim_2024,LNP116,barcoded_screen,barcode_delivery,PARTIAL,,,,,,,,14.0,,1,0,0,0,0,1,0,0,0,0,0,0,0,0,0,1,0,0,0,0,0,902.9,13.564,71.16,2.0,6.0,50.0,1.0,64.0,0.0,barcode_normalized,0.0,0
kim_2024_screen,kim_2024,LNP118,barcoded_screen,barcode_delivery,PARTIAL,,,,,,,,14.0,,1,0,0,0,0,1,0,0,0,0,0,0,0,0,0,1,0,0,0,0,0,902.9,13.564,71.16,2.0,6.0,50.0,1.0,64.0,0.0,barcode_normalized,0.0,0
kim_2024_screen,kim_2024,LNP122,barcoded_screen,barcode_delivery,PARTIAL,,,,,,,,18.0,,1,0,0,0,0,1,0,0,0,0,0,0,0,0,0,1,0,0,0,0,0,902.9,13.564,71.16,2.0,6.0,50.0,1.0,64.0,0.0,barcode_normalized,0.0,0
kim_2024_screen,kim_2024,LNP125,barcoded_screen,barcode_delivery,PARTIAL,,,,,,,,18.0,,1,0,0,0,0,1,0,0,0,0,0,0,0,0,0,1,0,0,0,0,0,902.9,13.564,71.16,2.0,6.0,50.0,1.0,64.0,0.0,barcode_normalized,0.0,0
kim_2024_screen,kim_2024,LNP126,barcoded_screen,barcode_delivery,PARTIAL,,,,,,,,18.0,,1,0,0,0,0,1,0,0,0,0,0,0,0,0,0,1,0,0,0,0,0,902.9,13.564,71.16,2.0,6.0,50.0,1.0,64.0,0.0,barcode_normalized,0.0,0
kim_2024_screen,kim_2024,LNP127,barcoded_screen,barcode_delivery,PARTIAL,,,,,,,,18.0,,1,0,0,0,0,1,0,0,0,0,0,0,0,0,0,1,0,0,0,0,0,902.9,13.564,71.16,2.0,6.0,50.0,1.0,64.0,0.0,barcode_normalized,0.0,0
lian_2024,lian_2024,Lian_A5,Lian_A5_screen_n1,protein_expression,MEDIUM,19.0,19.0,38.1,3.8,1.0,0.4986876640419947,2.005263157894737,14.0,0.6,0,0,1,0,0,0,0,0,0,1,0,1,0,0,0,0,0,0,0,0,0,677.56,10.84,82.14,0.0,7.0,35.0,0.0,48.0,1.0,reporter_pct,20.0,0
lian_2024,lian_2024,Lian_A7,Lian_A7_screen_n1,protein_expression,MEDIUM,19.0,19.0,38.1,3.8,1.0,0.4986876640419947,2.005263157894737,14.0,0.6,0,0,1,0,0,0,0,0,0,1,0,1,0,0,0,0,0,0,0,0,0,677.56,10.84,82.14,0.0,7.0,35.0,0.0,48.0,2.0,reporter_pct,20.0,1
lian_2024,lian_2024,Lian_A8,Lian_A8_screen_n1,protein_expression,MEDIUM,19.0,19.0,38.1,3.8,1.0,0.4986876640419947,2.005263157894737,14.0,0.6,0,0,1,0,0,0,0,0,0,1,0,1,0,0,0,0,0,0,0,0,0,677.56,10.84,82.14,0.0,7.0,35.0,0.0,48.0,2.0,reporter_pct,20.0,0
lian_2024,lian_2024,Lian_A8,Lian_A8_validated_n3,protein_expression,HIGH,19.0,19.0,38.1,3.8,1.0,0.4986876640419947,2.005263157894737,14.0,0.6,0,0,1,0,0,0,0,0,0,1,0,1,0,0,0,0,0,0,0,0,0,677.56,10.84,82.14,0.0,7.0,35.0,0.0,48.0,2.0,reporter_pct,20.0,0
lian_2024,lian_2024,Lian_A9,Lian_A9_screen_n1,protein_expression,MEDIUM,19.0,19.0,38.1,3.8,1.0,0.4986876640419947,2.005263157894737,14.0,0.6,0,0,1,0,0,0,0,0,0,1,0,1,0,0,0,0,0,0,0,0,0,677.56,10.84,82.14,0.0,7.0,35.0,0.0,48.0,1.0,reporter_pct,20.0,0
lian_2024,lian_2024,Lian_A10,Lian_A10_screen_n1,protein_expression,MEDIUM,19.0,19.0,38.1,3.8,1.0,0.4986876640419947,2.005263157894737,14.0,0.6,0,0,1,0,0,0,0,0,0,1,0,1,0,0,0,0,0,0,0,0,0,677.56,10.84,82.14,0.0,7.0,35.0,0.0,48.0,2.0,reporter_pct,20.0,0
lian_2024,lian_2024,Lian_A11_original_discovery,Lian_A11_original_discovery_screen_n1,protein_expression,MEDIUM,19.0,19.0,38.1,3.8,1.0,0.4986876640419947,2.005263157894737,14.0,0.6,0,0,1,0,0,0,0,0,0,1,0,1,0,0,0,0,0,0,0,0,0,677.56,10.84,82.14,0.0,7.0,35.0,0.0,48.0,2.0,reporter_pct,20.0,0
lian_2024,lian_2024,Lian_A12,Lian_A12_screen_n1,protein_expression,MEDIUM,19.0,19.0,38.1,3.8,1.0,0.4986876640419947,2.005263157894737,14.0,0.6,0,0,1,0,0,0,0,0,0,1,0,1,0,0,0,0,0,0,0,0,0,677.56,10.84,82.14,0.0,7.0,35.0,0.0,48.0,2.0,reporter_pct,20.0,0
lian_2024,lian_2024,Lian_A13,Lian_A13_screen_n1,protein_expression,MEDIUM,19.0,19.0,38.1,3.8,1.0,0.4986876640419947,2.005263157894737,14.0,0.6,0,0,1,0,0,0,0,0,0,1,0,1,0,0,0,0,0,0,0,0,0,677.56,10.84,82.14,0.0,7.0,35.0,0.0,48.0,1.0,reporter_pct,20.0,0
lian_2024,lian_2024,Lian_A13,Lian_A13_validated_n3,protein_expression,HIGH,19.0,19.0,38.1,3.8,1.0,0.4986876640419947,2.005263157894737,14.0,0.6,0,0,1,0,0,0,0,0,0,1,0,1,0,0,0,0,0,0,0,0,0,677.56,10.84,82.14,0.0,7.0,35.0,0.0,48.0,2.0,reporter_pct,20.0,1
lian_2024,lian_2024,Lian_C6,Lian_C6_screen_n1,protein_expression,MEDIUM,19.0,19.0,38.1,3.8,1.0,0.4986876640419947,2.005263157894737,14.0,0.6,0,0,1,0,0,0,0,0,0,1,0,1,0,0,0,0,0,0,0,0,0,677.56,10.84,82.14,0.0,7.0,35.0,0.0,48.0,2.0,reporter_pct,20.0,0
lian_2024,lian_2024,Lian_C6,Lian_C6_validated_n3,protein_expression,HIGH,19.0,19.0,38.1,3.8,1.0,0.4986876640419947,2.005263157894737,14.0,0.6,0,0,1,0,0,0,0,0,0,1,0,1,0,0,0,0,0,0,0,0,0,677.56,10.84,82.14,0.0,7.0,35.0,0.0,48.0,2.0,reporter_pct,20.0,1
lian_2024,lian_2024,Lian_C7,Lian_C7_screen_n1,protein_expression,MEDIUM,19.0,19.0,38.1,3.8,1.0,0.4986876640419947,2.005263157894737,14.0,0.6,0,0,1,0,0,0,0,0,0,1,0,1,0,0,0,0,0,0,0,0,0,677.56,10.84,82.14,0.0,7.0,35.0,0.0,48.0,1.0,reporter_pct,20.0,0
lian_2024,lian_2024,Lian_C8,Lian_C8_screen_n1,protein_expression,MEDIUM,19.0,19.0,38.1,3.8,1.0,0.4986876640419947,2.005263157894737,14.0,0.6,0,0,1,0,0,0,0,0,0,1,0,1,0,0,0,0,0,0,0,0,0,677.56,10.84,82.14,0.0,7.0,35.0,0.0,48.0,2.0,reporter_pct,20.0,0
lian_2024,lian_2024,Lian_C9,Lian_C9_screen_n1,protein_expression,MEDIUM,19.0,19.0,38.1,3.8,1.0,0.4986876640419947,2.005263157894737,14.0,0.6,0,0,1,0,0,0,0,0,0,1,0,1,0,0,0,0,0,0,0,0,0,677.56,10.84,82.14,0.0,7.0,35.0,0.0,48.0,2.0,reporter_pct,20.0,1
lian_2024,lian_2024,Lian_C10,Lian_C10_screen_n1,protein_expression,MEDIUM,19.0,19.0,38.1,3.8,1.0,0.4986876640419947,2.005263157894737,14.0,0.6,0,0,1,0,0,0,0,0,0,1,0,1,0,0,0,0,0,0,0,0,0,677.56,10.84,82.14,0.0,7.0,35.0,0.0,48.0,2.0,reporter_pct,20.0,0
lian_2024,lian_2024,Lian_AT4,Lian_AT4_screen_n1,protein_expression,MEDIUM,19.0,19.0,38.1,3.8,1.0,0.4986876640419947,2.005263157894737,14.0,0.6,0,0,1,0,0,0,0,0,0,1,0,1,0,0,0,0,0,0,0,0,0,677.56,10.84,82.14,0.0,7.0,35.0,0.0,48.0,1.0,reporter_pct,20.0,0
lian_2024,lian_2024,Lian_AT5,Lian_AT5_screen_n1,protein_expression,MEDIUM,19.0,19.0,38.1,3.8,1.0,0.4986876640419947,2.005263157894737,14.0,0.6,0,0,1,0,0,0,0,0,0,1,0,1,0,0,0,0,0,0,0,0,0,677.56,10.84,82.14,0.0,7.0,35.0,0.0,48.0,2.0,reporter_pct,20.0,0
lian_2024,lian_2024,Lian_AT6,Lian_AT6_screen_n1,protein_expression,MEDIUM,19.0,19.0,38.1,3.8,1.0,0.4986876640419947,2.005263157894737,14.0,0.6,0,0,1,0,0,0,0,0,0,1,0,1,0,0,0,0,0,0,0,0,0,677.56,10.84,82.14,0.0,7.0,35.0,0.0,48.0,1.0,reporter_pct,20.0,0
lian_2024,lian_2024,Lian_AT7,Lian_AT7_screen_n1,protein_expression,MEDIUM,19.0,19.0,38.1,3.8,1.0,0.4986876640419947,2.005263157894737,14.0,0.6,0,0,1,0,0,0,0,0,0,1,0,1,0,0,0,0,0,0,0,0,0,677.56,10.84,82.14,0.0,7.0,35.0,0.0,48.0,1.0,reporter_pct,20.0,0
lian_2024,lian_2024,Lian_TC,Lian_TC_screen_n1,protein_expression,MEDIUM,19.0,19.0,38.1,3.8,1.0,0.4986876640419947,2.005263157894737,14.0,0.6,0,0,1,0,0,0,0,0,0,1,0,1,0,0,0,0,0,0,0,0,0,677.56,10.84,82.14,0.0,7.0,35.0,0.0,48.0,1.0,reporter_pct,20.0,0
lian_2024,lian_2024,Lian_CC,Lian_CC_screen_n1,protein_expression,MEDIUM,19.0,19.0,38.1,3.8,1.0,0.4986876640419947,2.005263157894737,14.0,0.6,0,0,1,0,0,0,0,0,0,1,0,1,0,0,0,0,0,0,0,0,0,677.56,10.84,82.14,0.0,7.0,35.0,0.0,48.0,2.0,reporter_pct,20.0,0
lian_2024,lian_2024,Lian_AA10,Lian_AA10_screen_n1,protein_expression,MEDIUM,19.0,19.0,38.1,3.8,1.0,0.4986876640419947,2.005263157894737,14.0,0.6,0,0,1,0,0,0,0,0,0,1,0,1,0,0,0,0,0,0,0,0,0,677.56,10.84,82.14,0.0,7.0,35.0,0.0,48.0,2.0,reporter_pct,20.0,0
lian_2024,lian_2024,Lian_AA11,Lian_AA11_screen_n1,protein_expression,MEDIUM,19.0,19.0,38.1,3.8,1.0,0.4986876640419947,2.005263157894737,14.0,0.6,0,0,1,0,0,0,0,0,0,1,0,1,0,0,0,0,0,0,0,0,0,677.56,10.84,82.14,0.0,7.0,35.0,0.0,48.0,2.0,reporter_pct,20.0,0
lian_2024,lian_2024,Lian_AA11,Lian_AA11_validated_n3,protein_expression,HIGH,19.0,19.0,38.1,3.8,1.0,0.4986876640419947,2.005263157894737,14.0,0.6,0,0,1,0,0,0,0,0,0,1,0,1,0,0,0,0,0,0,0,0,0,677.56,10.84,82.14,0.0,7.0,35.0,0.0,48.0,2.0,reporter_pct,20.0,0
hofstraat_2025,hofstraat_2025,aNP8-siLAMP1,invivo_LAMP1_knockdown_4x0.5mpk,knockdown,HIGH,46.0,26.0,28.0,,1.7692307692307692,1.6428571428571428,1.0769230769230769,,0.5,1,0,1,0,0,0,0,0,1,0,0,0,0,0,0,0,0,0,0,0,0,641.61,13.647,29.54,0.0,3.0,35.0,0.0,46.0,2.0,reporter_pct,0.0,0
hofstraat_2025,hofstraat_2025,aNP15-siLAMP1,invivo_LAMP1_knockdown_4x0.5mpk,knockdown,HIGH,14.0,26.0,61.0,,0.5384615384615384,0.22950819672131148,2.3461538461538463,,0.5,1,0,1,0,0,0,0,0,1,0,0,0,0,0,0,0,0,0,0,0,0,641.61,13.647,29.54,0.0,3.0,35.0,0.0,46.0,1.0,reporter_pct,0.0,0
hofstraat_2025,hofstraat_2025,aNP18-siLAMP1,invivo_LAMP1_knockdown_4x0.5mpk,knockdown,HIGH,24.0,23.0,53.0,,1.0434782608695652,0.4528301886792453,2.3043478260869565,,0.5,1,0,1,0,0,0,0,0,1,0,0,0,0,0,0,0,0,0,0,0,0,641.61,13.647,29.54,0.0,3.0,35.0,0.0,46.0,2.0,reporter_pct,0.0,0
hofstraat_2025,hofstraat_2025,aNP27-siLAMP1,invivo_LAMP1_knockdown_4x0.5mpk,knockdown,HIGH,8.0,13.0,35.0,,0.6153846153846154,0.22857142857142856,2.6923076923076925,,0.5,1,0,1,0,0,0,0,0,1,0,0,0,0,0,0,0,0,0,0,0,0,641.61,13.647,29.54,0.0,3.0,35.0,0.0,46.0,0.0,reporter_pct,0.0,0
hofstraat_2025,hofstraat_2025,aNP29-siLAMP1,invivo_LAMP1_knockdown_4x0.5mpk,knockdown,HIGH,18.0,15.0,16.0,,1.2,1.125,1.0666666666666667,,0.5,1,0,1,0,0,0,0,0,1,0,0,0,0,0,0,0,0,0,0,0,0,641.61,13.647,29.54,0.0,3.0,35.0,0.0,46.0,0.0,reporter_pct,0.0,0
hofstraat_2025,hofstraat_2025,aNP42-siLAMP1,invivo_LAMP1_knockdown_4x0.5mpk,knockdown,HIGH,14.0,14.0,32.0,,1.0,0.4375,2.2857142857142856,,0.5,1,0,1,0,0,0,0,0,1,0,0,0,0,0,0,0,0,0,0,0,0,641.61,13.647,29.54,0.0,3.0,35.0,0.0,46.0,1.0,reporter_pct,0.0,0
hofstraat_2025,hofstraat_2025,aNP67-siLAMP1,invivo_LAMP1_knockdown_4x0.5mpk,knockdown,HIGH,18.0,11.0,4.0,,1.6363636363636365,4.5,0.36363636363636365,,0.5,1,0,1,0,0,0,0,0,1,0,0,0,0,0,0,0,0,0,0,0,0,641.61,13.647,29.54,0.0,3.0,35.0,0.0,46.0,2.0,reporter_pct,0.0,0
hofstraat_2025,hofstraat_2025,aNP72-siLAMP1,invivo_LAMP1_knockdown_4x0.5mpk,knockdown,HIGH,19.0,9.0,21.0,,2.111111111111111,0.9047619047619048,2.3333333333333335,,0.5,1,0,1,0,0,0,0,0,1,0,0,0,0,0,0,0,0,0,0,0,0,641.61,13.647,29.54,0.0,3.0,35.0,0.0,46.0,0.0,reporter_pct,0.0,0
hofstraat_2025,hofstraat_2025,LNP-siLAMP1 (Onpattro-type control),invivo_LAMP1_knockdown_4x0.5mpk,knockdown,HIGH,50.0,10.0,38.5,1.5,5.0,1.2987012987012987,3.85,14.0,0.5,0,0,1,0,0,0,0,0,1,0,1,0,0,0,0,0,0,0,0,0,0,641.61,13.647,29.54,0.0,3.0,35.0,0.0,46.0,1.0,reporter_pct,0.0,0
shi_2025_thesis,shi_2025_thesis,"anti-CD117 LNP (FL-S, 20 mol% DSPC, clone 2B8)",invivo_base_editing_CD45_2.5mpk,editing,HIGH,44.5,20.0,33.5,1.5,2.225,1.328358208955224,1.675,14.0,2.5,2,0,1,0,0,0,0,1,0,0,1,0,0,0,0,0,1,0,0,0,0,,,,,,,,,1.0,editing_pct,0.5,0
shi_2025_thesis,shi_2025_thesis,"anti-CD117 LNP formulation A (ALC-0315, 10 mol% DSPC, clone 2B8)",invivo_mCherry_screen_0.3mpk,protein_expression,HIGH,50.0,10.0,38.0,1.5,5.0,1.3157894736842106,3.8,14.0,0.3,2,0,1,0,0,0,0,0,0,1,1,0,0,0,0,0,1,0,0,0,0,765.72,13.942,76.07,1.0,6.0,44.0,0.0,54.0,,reporter_pct,0.5,0
shi_2025_thesis,shi_2025_thesis,"anti-CD117 LNP formulation D (ALC-0315, 20 mol% DSPC, clone QA19A91)",invivo_mCherry_screen_0.3mpk,protein_expression,MEDIUM,44.5,20.0,33.5,1.5,2.225,1.328358208955224,1.675,14.0,0.3,2,0,1,0,0,0,0,0,0,1,1,0,0,0,0,0,1,0,0,0,0,765.72,13.942,76.07,1.0,6.0,44.0,0.0,54.0,,reporter_pct,0.5,0
shi_2025_thesis,shi_2025_thesis,EC-LNP (FUJIFILM proprietary),invivo_siKit1_CD117_knockdown_0.4mpk,knockdown,HIGH,,,,,,,,,0.4,1,0,1,0,0,0,0,0,1,0,0,0,0,0,0,0,0,0,0,0,0,,,,,,,,,,reporter_pct,0.0,0
swart_2023,swart_2023,LNP (MC3/DSPC/Chol/DMG-PEG2000),invivo_biodistribution_BM_uptake,barcode_delivery,HIGH,50.0,10.0,38.5,1.5,5.0,1.2987012987012987,3.85,14.0,,0,0,1,0,0,1,0,0,0,0,1,0,0,0,0,0,0,0,0,0,0,641.61,13.647,29.54,0.0,3.0,35.0,0.0,46.0,1.0,barcode_normalized,0.0,0
swart_2023,swart_2023,LDV-LNP (VLA-4 targeted),invivo_biodistribution_BM_uptake,barcode_delivery,HIGH,50.0,10.0,38.5,1.5,5.0,1.2987012987012987,3.85,14.0,,2,0,1,0,0,1,0,0,0,0,1,0,0,0,0,0,0,0,0,0,0,641.61,13.647,29.54,0.0,3.0,35.0,0.0,46.0,2.0,barcode_normalized,0.1,0
chander_2023,chander_2023,LNP GFP mRNA 10 mol% DSPC (Onpattro-type),invivo_GFP_expression_BM_3mpk,protein_expression,MEDIUM,50.0,10.0,38.5,1.5,5.0,1.2987012987012987,3.85,,3.0,1,0,1,0,0,0,0,0,0,1,1,0,0,0,0,0,0,0,0,0,0,641.61,13.647,29.54,0.0,3.0,35.0,0.0,46.0,,reporter_pct,0.0,0
chander_2023,chander_2023,lcLNP GFP mRNA 40 mol% ESM,invivo_GFP_expression_BM_3mpk,protein_expression,MEDIUM,33.0,40.0,25.5,1.5,0.825,1.2941176470588236,0.6375,,3.0,1,0,1,0,0,0,0,0,0,1,0,0,0,0,0,0,0,0,0,0,0,641.61,13.647,29.54,0.0,3.0,35.0,0.0,46.0,,reporter_pct,0.0,0
chander_2023,chander_2023,LNP GFP mRNA 10 mol% ESM,invivo_GFP_expression_BM_3mpk,protein_expression,MEDIUM,50.0,10.0,38.5,1.5,5.0,1.2987012987012987,3.85,,3.0,1,0,1,0,0,0,0,0,0,1,0,0,0,0,0,0,0,0,0,0,0,641.61,13.647,29.54,0.0,3.0,35.0,0.0,46.0,,reporter_pct,0.0,0
tarab_ravski_2023,tarab_ravski_2023,alphaCD38-L10-tLNP,invivo_MM_efficacy_siCKAP5_5x1mpk,knockdown,HIGH,50.0,10.0,38.5,1.5,5.0,1.2987012987012987,3.85,14.0,1.0,2,0,1,0,0,0,0,0,1,0,1,0,0,0,0,0,0,0,0,0,0,,,,,,,,,0.0,reporter_pct,0.0,0
tarab_ravski_2023,tarab_ravski_2023,alphaCD38-L10-tLNP,invivo_MM_control_siNC_5x1mpk,knockdown,HIGH,50.0,10.0,38.5,1.5,5.0,1.2987012987012987,3.85,14.0,1.0,2,0,1,0,0,0,0,0,1,0,1,0,0,0,0,0,0,0,0,0,0,,,,,,,,,1.0,reporter_pct,0.0,0
peng_2026,peng_2026,E5-LNP@siAE,invivo_AML_efficacy_0.6mpk,knockdown,MEDIUM,50.0,10.0,38.5,1.5,5.0,1.2987012987012987,3.85,14.0,0.6,2,0,1,0,0,0,0,0,1,0,1,0,0,0,0,0,0,0,0,0,0,641.61,13.647,29.54,0.0,3.0,35.0,0.0,46.0,,reporter_pct,0.0,0
peng_2026,peng_2026,LNP@siAE (no E5 peptide),invivo_AML_efficacy_0.6mpk,knockdown,MEDIUM,50.0,10.0,38.5,1.5,5.0,1.2987012987012987,3.85,14.0,0.6,0,0,1,0,0,0,0,0,1,0,1,0,0,0,0,0,0,0,0,0,0,641.61,13.647,29.54,0.0,3.0,35.0,0.0,46.0,,reporter_pct,0.0,0
zhao_2026,zhao_2026,CD34/LNP-CAR mRNA,invivo_CAR_CD34_generation_10ug,protein_expression,MEDIUM,50.0,10.0,38.5,1.5,5.0,1.2987012987012987,3.85,,,2,0,1,0,0,0,0,0,0,1,1,0,0,0,0,0,0,0,0,0,0,641.61,13.647,29.54,0.0,3.0,35.0,0.0,46.0,,reporter_pct,0.0,0
zhao_2026,zhao_2026,LNP-CAR mRNA (no anti-CD34),invivo_CAR_CD34_generation_10ug,protein_expression,MEDIUM,50.0,10.0,38.5,1.5,5.0,1.2987012987012987,3.85,,,0,0,1,0,0,0,0,0,0,1,1,0,0,0,0,0,0,0,0,0,0,641.61,13.647,29.54,0.0,3.0,35.0,0.0,46.0,,reporter_pct,0.0,0
jyotsana_2019,jyotsana_2019,LNP-siBCR-ABL,invivo_CML_xenograft_5mpk_x3,knockdown,MEDIUM,,,,1.5,,,,14.0,5.0,1,0,1,0,0,0,0,0,1,0,0,0,0,0,0,0,0,0,0,0,0,,,,,,,,,,reporter_pct,0.0,0
jyotsana_2019,jyotsana_2019,LNP-CTRL siRNA (AHA1),invivo_biodistribution_safety_healthy_NSG,barcode_delivery,MEDIUM,,,,1.5,,,,14.0,5.0,1,0,1,0,0,1,0,0,0,0,0,0,0,0,0,0,0,0,0,0,0,,,,,,,,,,barcode_normalized,0.0,0
dahlman_2014,dahlman_2014,7C1 + C14PEG2000,invivo_endothelial_silencing_dose_response,knockdown,MEDIUM,,,,,,,,14.0,0.6,1,0,1,0,0,0,0,0,1,0,0,0,0,0,0,0,0,0,0,0,0,,,,,,,,,,reporter_pct,0.0,0
hanafy_2025,hanafy_2025,PRELIVE LNP 1,invivo_luciferase_organ_panel_0.3mpk,protein_expression,HIGH,41.9,34.6,22.7,0.75,1.2109826589595374,1.8458149779735682,0.6560693641618497,14.0,0.3,1,0,1,0,0,0,0,0,0,1,1,0,0,0,0,0,0,0,0,0,0,,,,,,,,,0.0,reporter_pct,0.0,0
hanafy_2025,hanafy_2025,PRELIVE LNP 2,invivo_luciferase_organ_panel_0.3mpk,protein_expression,HIGH,41.7,6.1,51.5,0.76,6.836065573770493,0.8097087378640777,8.442622950819672,14.0,0.3,1,0,1,0,0,0,0,0,0,1,1,0,0,0,0,0,0,0,0,0,0,,,,,,,,,0.0,reporter_pct,0.0,0
hanafy_2025,hanafy_2025,PRELIVE LNP 3,invivo_luciferase_organ_panel_0.3mpk,protein_expression,HIGH,52.8,13.7,32.1,1.5,3.854014598540146,1.6448598130841119,2.343065693430657,14.0,0.3,1,0,1,0,0,0,0,0,0,1,1,0,0,0,0,0,0,0,0,0,0,,,,,,,,,0.0,reporter_pct,0.0,0
hanafy_2025,hanafy_2025,PRELIVE LNP 4,invivo_luciferase_organ_panel_0.3mpk,protein_expression,HIGH,27.2,32.3,38.9,1.5,0.8421052631578948,0.699228791773779,1.2043343653250775,14.0,0.3,1,0,1,0,0,0,0,0,0,1,1,0,0,0,0,0,0,0,0,0,0,,,,,,,,,0.0,reporter_pct,0.0,0
hanafy_2025,hanafy_2025,PRELIVE LNP 5,invivo_luciferase_organ_panel_0.3mpk,protein_expression,HIGH,60.0,14.8,24.7,0.5,4.0540540540540535,2.4291497975708505,1.6689189189189189,14.0,0.3,1,0,1,0,0,0,0,0,0,1,1,0,0,0,0,0,0,0,0,0,0,,,,,,,,,0.0,reporter_pct,0.0,0
hanafy_2025,hanafy_2025,PRELIVE LNP 6,invivo_luciferase_organ_panel_0.3mpk,protein_expression,HIGH,40.0,14.5,45.0,0.5,2.7586206896551726,0.8888888888888888,3.103448275862069,14.0,0.3,1,0,1,0,0,0,0,0,0,1,1,0,0,0,0,0,0,0,0,0,0,,,,,,,,,2.0,reporter_pct,0.0,0
hanafy_2025,hanafy_2025,PRELIVE LNP 7,invivo_luciferase_organ_panel_0.3mpk,protein_expression,HIGH,23.4,46.1,29.8,0.75,0.5075921908893709,0.785234899328859,0.6464208242950108,14.0,0.3,1,0,1,0,0,0,0,0,0,1,1,0,0,0,0,0,0,0,0,0,0,,,,,,,,,0.0,reporter_pct,0.0,0
hanafy_2025,hanafy_2025,PRELIVE LNP 8,invivo_luciferase_organ_panel_0.3mpk,protein_expression,HIGH,41.7,6.1,51.5,0.76,6.836065573770493,0.8097087378640777,8.442622950819672,14.0,0.3,1,0,1,0,0,0,0,0,0,1,1,0,0,0,0,0,0,0,0,0,0,,,,,,,,,0.0,reporter_pct,0.0,0
hanafy_2025,hanafy_2025,PRELIVE LNP 9,invivo_luciferase_organ_panel_0.3mpk,protein_expression,HIGH,35.9,41.0,20.8,2.25,0.875609756097561,1.7259615384615383,0.5073170731707317,14.0,0.3,1,0,1,0,0,0,0,0,0,1,1,0,0,0,0,0,0,0,0,0,0,,,,,,,,,0.0,reporter_pct,0.0,0
hanafy_2025,hanafy_2025,PRELIVE LNP 10,invivo_luciferase_organ_panel_0.3mpk,protein_expression,HIGH,31.0,18.5,49.3,1.25,1.6756756756756757,0.6288032454361056,2.6648648648648647,14.0,0.3,1,0,1,0,0,0,0,0,0,1,1,0,0,0,0,0,0,0,0,0,0,,,,,,,,,2.0,reporter_pct,0.0,0
hanafy_2025,hanafy_2025,PRELIVE LNP 11,invivo_luciferase_organ_panel_0.3mpk,protein_expression,HIGH,50.0,10.0,38.5,1.5,5.0,1.2987012987012987,3.85,14.0,0.3,1,0,1,0,0,0,0,0,0,1,1,0,0,0,0,0,0,0,0,0,0,,,,,,,,,2.0,reporter_pct,0.0,0
hanafy_2025,hanafy_2025,PRELIVE LNP 12,invivo_luciferase_organ_panel_0.3mpk,protein_expression,HIGH,24.5,45.9,28.3,1.25,0.533769063180828,0.8657243816254416,0.6165577342047931,14.0,0.3,1,0,1,0,0,0,0,0,0,1,1,0,0,0,0,0,0,0,0,0,0,,,,,,,,,0.0,reporter_pct,0.0,0
hanafy_2025,hanafy_2025,PRELIVE LNP 13,invivo_luciferase_organ_panel_0.3mpk,protein_expression,HIGH,20.0,42.9,34.1,3.0,0.46620046620046623,0.5865102639296187,0.7948717948717949,14.0,0.3,1,0,1,0,0,0,0,0,0,1,1,0,0,0,0,0,0,0,0,0,0,,,,,,,,,0.0,reporter_pct,0.0,0
hanafy_2025,hanafy_2025,PRELIVE LNP 14,invivo_luciferase_organ_panel_0.3mpk,protein_expression,HIGH,40.0,14.5,45.0,0.5,2.7586206896551726,0.8888888888888888,3.103448275862069,14.0,0.3,1,0,1,0,0,0,0,0,0,1,1,0,0,0,0,0,0,0,0,0,0,,,,,,,,,2.0,reporter_pct,0.0,0
chappell_2024,chappell_2024,mRNACre-LNP-CD117,exvivo_Cre_deletion_Hba_lin_cells,editing,MEDIUM,,,,,,,,,,2,0,1,0,0,0,0,1,0,0,0,0,0,0,0,0,1,0,0,0,0,,,,,,,,,2.0,editing_pct,0.0,0
chappell_2024,chappell_2024,mRNACre-LNP-CD117,posttransplant_BM_alpha_globin_deletion_ddPCR,editing,MEDIUM,,,,,,,,,,2,0,1,0,0,0,0,1,0,0,0,0,0,0,0,0,1,0,0,0,0,,,,,,,,,2.0,editing_pct,0.0,0
palchaudhuri_2025,palchaudhuri_2025,"HSC-LNP (Tessera, proprietary)",invivo_B2M_gene_writing_LT-HSC,editing,LOW,,,,,,,,,,2,0,0,1,1,0,0,1,0,0,0,0,0,0,0,0,0,0,0,0,0,,,,,,,,,2.0,editing_pct,0.0,0
palchaudhuri_2025,palchaudhuri_2025,"HSC-LNP (Tessera, proprietary)",invivo_HBB_Makassar_installation_LT-HSC,editing,LOW,,,,,,,,,,2,0,0,1,1,0,0,1,0,0,0,0,0,0,0,0,0,0,0,0,0,,,,,,,,,2.0,editing_pct,0.0,0
palchaudhuri_2025,palchaudhuri_2025,"HSC-LNP (Tessera, proprietary)",invivo_GFP_reporter_delivery_LT-HSC,protein_expression,LOW,,,,,,,,,,2,0,0,1,1,0,0,0,0,1,0,0,0,0,0,0,0,0,0,0,0,,,,,,,,,2.0,reporter_pct,0.0,0
xue_2022,xue_2022,490BP-C14 LNP,invivo_luciferase_bone_delivery_0.5mpk,protein_expression,MEDIUM,35.0,16.0,46.5,2.5,2.1875,0.7526881720430108,2.90625,14.0,0.5,1,0,1,0,0,0,0,0,0,1,0,1,0,0,0,0,0,0,0,0,0,,,,,,,,,,reporter_pct,0.0,0
xue_2022,xue_2022,490-C14 LNP (BP-free control),invivo_luciferase_bone_delivery_0.5mpk,protein_expression,MEDIUM,35.0,16.0,46.5,2.5,2.1875,0.7526881720430108,2.90625,14.0,0.5,1,0,1,0,0,0,0,0,0,1,0,1,0,0,0,0,0,0,0,0,0,,,,,,,,,,reporter_pct,0.0,0
xu_2026,xu_2026,LNP-028-ABE8e-PCSK9 (Library A lead),invivo_PCSK9_editing_C57_2mpk,editing,HIGH,50.0,10.0,38.5,1.5,5.0,1.2987012987012987,3.85,14.0,2.0,1,0,1,0,0,0,0,1,0,0,1,0,0,0,0,0,0,0,0,0,0,,,,,,,,,1.0,editing_pct,0.0,0
xu_2026,xu_2026,LNP-217-ABE8e-PCSK9 (Library B lead),invivo_PCSK9_editing_C57_2mpk,editing,MEDIUM,50.0,10.0,38.5,1.5,5.0,1.2987012987012987,3.85,14.0,2.0,1,0,1,0,0,0,0,1,0,0,1,0,0,0,0,0,0,0,0,0,0,,,,,,,,,0.0,editing_pct,0.0,0
xu_2026,xu_2026,LNP-306-ABE8e-PCSK9 (Library C lead),invivo_PCSK9_editing_C57_2mpk,editing,MEDIUM,50.0,10.0,38.5,1.5,5.0,1.2987012987012987,3.85,14.0,2.0,1,0,1,0,0,0,0,1,0,0,1,0,0,0,0,0,0,0,0,0,0,,,,,,,,,0.0,editing_pct,0.0,0
xu_2026,xu_2026,LNP-168-ABE8e-PCSK9,invivo_PCSK9_editing_C57_2mpk,editing,HIGH,50.0,10.0,38.5,1.5,5.0,1.2987012987012987,3.85,14.0,2.0,1,0,1,0,0,0,0,1,0,0,1,0,0,0,0,0,0,0,0,0,0,,,,,,,,,2.0,editing_pct,0.0,0
xu_2026,xu_2026,LNP-028-ABE8e-HBG (ABE8e + sgRNA-25),invivo_HBG_editing_humanized_NCGX_2mpk,editing,HIGH,50.0,10.0,38.5,1.5,5.0,1.2987012987012987,3.85,14.0,2.0,1,0,0,0,1,0,0,1,0,0,1,0,0,0,0,0,0,0,0,0,0,,,,,,,,,1.0,editing_pct,0.0,0
xu_2026,xu_2026,LNP-168-ABE8e-HBG (ABE8e + sgRNA-25),invivo_HBG_editing_TDT_humanized_NCGX_1mpk,editing,HIGH,50.0,10.0,38.5,1.5,5.0,1.2987012987012987,3.85,14.0,1.0,1,0,0,0,1,0,0,1,0,0,1,0,0,0,0,0,0,0,0,0,0,,,,,,,,,2.0,editing_pct,0.0,0
xu_2026,xu_2026,LNP-168-Cre-miR-122T,invivo_Cre_Ai14_HSPC_subsets_1mpk,editing,HIGH,50.0,10.0,38.5,1.5,5.0,1.2987012987012987,3.85,14.0,1.0,1,0,1,0,0,0,0,1,0,0,1,0,0,0,0,0,0,0,0,0,0,,,,,,,,,2.0,editing_pct,0.0,0
xu_2026,xu_2026,LNP-MC3-Cre-miR-122T (liver-tropic control),invivo_Cre_Ai14_HSPC_subsets_1mpk,editing,MEDIUM,50.0,10.0,38.5,1.5,5.0,1.2987012987012987,3.85,14.0,1.0,1,0,1,0,0,0,0,1,0,0,1,0,0,0,0,0,0,0,0,0,0,641.61,13.647,29.54,0.0,3.0,35.0,0.0,46.0,,editing_pct,0.0,0
xu_2026,xu_2026,"LNP-151-ABE8e-PCSK9 (secondary screen, Library A)",invivo_PCSK9_editing_C57_secondary_screen,editing,MEDIUM,50.0,10.0,38.5,1.5,5.0,1.2987012987012987,3.85,14.0,2.0,1,0,1,0,0,0,0,1,0,0,1,0,0,0,0,0,0,0,0,0,0,,,,,,,,,1.0,editing_pct,0.0,0
xu_2026,xu_2026,"LNP-163-ABE8e-PCSK9 (secondary screen, Library A)",invivo_PCSK9_editing_C57_secondary_screen,editing,MEDIUM,50.0,10.0,38.5,1.5,5.0,1.2987012987012987,3.85,14.0,2.0,1,0,1,0,0,0,0,1,0,0,1,0,0,0,0,0,0,0,0,0,0,,,,,,,,,1.0,editing_pct,0.0,0
xu_2026,xu_2026,"LNP-164-ABE8e-PCSK9 (secondary screen, Library A)",invivo_PCSK9_editing_C57_secondary_screen,editing,MEDIUM,50.0,10.0,38.5,1.5,5.0,1.2987012987012987,3.85,14.0,2.0,1,0,1,0,0,0,0,1,0,0,1,0,0,0,0,0,0,0,0,0,0,,,,,,,,,1.0,editing_pct,0.0,0
xu_2026,xu_2026,"LNP-165-ABE8e-PCSK9 (secondary screen, Library A)",invivo_PCSK9_editing_C57_secondary_screen,editing,MEDIUM,50.0,10.0,38.5,1.5,5.0,1.2987012987012987,3.85,14.0,2.0,1,0,1,0,0,0,0,1,0,0,1,0,0,0,0,0,0,0,0,0,0,,,,,,,,,1.0,editing_pct,0.0,0
xu_2026,xu_2026,"LNP-167-ABE8e-PCSK9 (secondary screen, Library A)",invivo_PCSK9_editing_C57_secondary_screen,editing,MEDIUM,50.0,10.0,38.5,1.5,5.0,1.2987012987012987,3.85,14.0,2.0,1,0,1,0,0,0,0,1,0,0,1,0,0,0,0,0,0,0,0,0,0,,,,,,,,,1.0,editing_pct,0.0,0
xu_2026,xu_2026,"LNP-169-ABE8e-PCSK9 (secondary screen, Library A)",invivo_PCSK9_editing_C57_secondary_screen,editing,MEDIUM,50.0,10.0,38.5,1.5,5.0,1.2987012987012987,3.85,14.0,2.0,1,0,1,0,0,0,0,1,0,0,1,0,0,0,0,0,0,0,0,0,0,,,,,,,,,1.0,editing_pct,0.0,0
iida_2022,iida_2022,"LNP-43 (tumor-tropic, Bayesian-optimized for Jurkat)",invivo_NONE_invitro_RUNX1_knockdown_panel,knockdown,MEDIUM,,,,,,,,14.0,,1,0,0,0,1,0,0,0,1,0,0,1,0,0,0,0,0,0,0,0,0,,,,,,,,,,reporter_pct,0.0,0
iida_2022,iida_2022,"LNP-79 (tumor-tropic, Bayesian-optimized for Jurkat)",invivo_NONE_invitro_RUNX1_knockdown_panel,knockdown,MEDIUM,,,,,,,,14.0,,1,0,0,0,1,0,0,0,1,0,0,1,0,0,0,0,0,0,0,0,0,,,,,,,,,,reporter_pct,0.0,0
xu_2026,xu_2026,LNP-001-ABE8e/sgRNA-PCSK9,invivo_PCSK9_editing_libraryA_screen,editing,MEDIUM,50.0,10.0,38.5,1.5,5.0,1.2987012987012987,3.85,14.0,2.0,1,0,1,0,0,0,0,1,0,0,1,0,0,0,0,0,0,0,0,0,0,,,,,,,,,0.0,editing_pct,0.0,0
xu_2026,xu_2026,LNP-002-ABE8e/sgRNA-PCSK9,invivo_PCSK9_editing_libraryA_screen,editing,MEDIUM,50.0,10.0,38.5,1.5,5.0,1.2987012987012987,3.85,14.0,2.0,1,0,1,0,0,0,0,1,0,0,1,0,0,0,0,0,0,0,0,0,0,,,,,,,,,0.0,editing_pct,0.0,0
xu_2026,xu_2026,LNP-003-ABE8e/sgRNA-PCSK9,invivo_PCSK9_editing_libraryA_screen,editing,MEDIUM,50.0,10.0,38.5,1.5,5.0,1.2987012987012987,3.85,14.0,2.0,1,0,1,0,0,0,0,1,0,0,1,0,0,0,0,0,0,0,0,0,0,,,,,,,,,0.0,editing_pct,0.0,0
xu_2026,xu_2026,LNP-004-ABE8e/sgRNA-PCSK9,invivo_PCSK9_editing_libraryA_screen,editing,MEDIUM,50.0,10.0,38.5,1.5,5.0,1.2987012987012987,3.85,14.0,2.0,1,0,1,0,0,0,0,1,0,0,1,0,0,0,0,0,0,0,0,0,0,,,,,,,,,0.0,editing_pct,0.0,0
xu_2026,xu_2026,LNP-005-ABE8e/sgRNA-PCSK9,invivo_PCSK9_editing_libraryA_screen,editing,MEDIUM,50.0,10.0,38.5,1.5,5.0,1.2987012987012987,3.85,14.0,2.0,1,0,1,0,0,0,0,1,0,0,1,0,0,0,0,0,0,0,0,0,0,,,,,,,,,0.0,editing_pct,0.0,0
xu_2026,xu_2026,LNP-006-ABE8e/sgRNA-PCSK9,invivo_PCSK9_editing_libraryA_screen,editing,MEDIUM,50.0,10.0,38.5,1.5,5.0,1.2987012987012987,3.85,14.0,2.0,1,0,1,0,0,0,0,1,0,0,1,0,0,0,0,0,0,0,0,0,0,,,,,,,,,0.0,editing_pct,0.0,0
xu_2026,xu_2026,LNP-007-ABE8e/sgRNA-PCSK9,invivo_PCSK9_editing_libraryA_screen,editing,MEDIUM,50.0,10.0,38.5,1.5,5.0,1.2987012987012987,3.85,14.0,2.0,1,0,1,0,0,0,0,1,0,0,1,0,0,0,0,0,0,0,0,0,0,,,,,,,,,1.0,editing_pct,0.0,0
xu_2026,xu_2026,LNP-008-ABE8e/sgRNA-PCSK9,invivo_PCSK9_editing_libraryA_screen,editing,MEDIUM,50.0,10.0,38.5,1.5,5.0,1.2987012987012987,3.85,14.0,2.0,1,0,1,0,0,0,0,1,0,0,1,0,0,0,0,0,0,0,0,0,0,,,,,,,,,0.0,editing_pct,0.0,0
xu_2026,xu_2026,LNP-009-ABE8e/sgRNA-PCSK9,invivo_PCSK9_editing_libraryA_screen,editing,MEDIUM,50.0,10.0,38.5,1.5,5.0,1.2987012987012987,3.85,14.0,2.0,1,0,1,0,0,0,0,1,0,0,1,0,0,0,0,0,0,0,0,0,0,,,,,,,,,0.0,editing_pct,0.0,0
xu_2026,xu_2026,LNP-010-ABE8e/sgRNA-PCSK9,invivo_PCSK9_editing_libraryA_screen,editing,MEDIUM,50.0,10.0,38.5,1.5,5.0,1.2987012987012987,3.85,14.0,2.0,1,0,1,0,0,0,0,1,0,0,1,0,0,0,0,0,0,0,0,0,0,,,,,,,,,0.0,editing_pct,0.0,0
xu_2026,xu_2026,LNP-011-ABE8e/sgRNA-PCSK9,invivo_PCSK9_editing_libraryA_screen,editing,MEDIUM,50.0,10.0,38.5,1.5,5.0,1.2987012987012987,3.85,14.0,2.0,1,0,1,0,0,0,0,1,0,0,1,0,0,0,0,0,0,0,0,0,0,,,,,,,,,0.0,editing_pct,0.0,0
xu_2026,xu_2026,LNP-012-ABE8e/sgRNA-PCSK9,invivo_PCSK9_editing_libraryA_screen,editing,MEDIUM,50.0,10.0,38.5,1.5,5.0,1.2987012987012987,3.85,14.0,2.0,1,0,1,0,0,0,0,1,0,0,1,0,0,0,0,0,0,0,0,0,0,,,,,,,,,0.0,editing_pct,0.0,0
xu_2026,xu_2026,LNP-013-ABE8e/sgRNA-PCSK9,invivo_PCSK9_editing_libraryA_screen,editing,MEDIUM,50.0,10.0,38.5,1.5,5.0,1.2987012987012987,3.85,14.0,2.0,1,0,1,0,0,0,0,1,0,0,1,0,0,0,0,0,0,0,0,0,0,,,,,,,,,0.0,editing_pct,0.0,0
xu_2026,xu_2026,LNP-014-ABE8e/sgRNA-PCSK9,invivo_PCSK9_editing_libraryA_screen,editing,MEDIUM,50.0,10.0,38.5,1.5,5.0,1.2987012987012987,3.85,14.0,2.0,1,0,1,0,0,0,0,1,0,0,1,0,0,0,0,0,0,0,0,0,0,,,,,,,,,0.0,editing_pct,0.0,0
xu_2026,xu_2026,LNP-015-ABE8e/sgRNA-PCSK9,invivo_PCSK9_editing_libraryA_screen,editing,MEDIUM,50.0,10.0,38.5,1.5,5.0,1.2987012987012987,3.85,14.0,2.0,1,0,1,0,0,0,0,1,0,0,1,0,0,0,0,0,0,0,0,0,0,,,,,,,,,0.0,editing_pct,0.0,0
xu_2026,xu_2026,LNP-016-ABE8e/sgRNA-PCSK9,invivo_PCSK9_editing_libraryA_screen,editing,MEDIUM,50.0,10.0,38.5,1.5,5.0,1.2987012987012987,3.85,14.0,2.0,1,0,1,0,0,0,0,1,0,0,1,0,0,0,0,0,0,0,0,0,0,,,,,,,,,0.0,editing_pct,0.0,0
xu_2026,xu_2026,LNP-017-ABE8e/sgRNA-PCSK9,invivo_PCSK9_editing_libraryA_screen,editing,MEDIUM,50.0,10.0,38.5,1.5,5.0,1.2987012987012987,3.85,14.0,2.0,1,0,1,0,0,0,0,1,0,0,1,0,0,0,0,0,0,0,0,0,0,,,,,,,,,1.0,editing_pct,0.0,0
xu_2026,xu_2026,LNP-018-ABE8e/sgRNA-PCSK9,invivo_PCSK9_editing_libraryA_screen,editing,MEDIUM,50.0,10.0,38.5,1.5,5.0,1.2987012987012987,3.85,14.0,2.0,1,0,1,0,0,0,0,1,0,0,1,0,0,0,0,0,0,0,0,0,0,,,,,,,,,0.0,editing_pct,0.0,0
xu_2026,xu_2026,LNP-019-ABE8e/sgRNA-PCSK9,invivo_PCSK9_editing_libraryA_screen,editing,MEDIUM,50.0,10.0,38.5,1.5,5.0,1.2987012987012987,3.85,14.0,2.0,1,0,1,0,0,0,0,1,0,0,1,0,0,0,0,0,0,0,0,0,0,,,,,,,,,0.0,editing_pct,0.0,0
xu_2026,xu_2026,LNP-020-ABE8e/sgRNA-PCSK9,invivo_PCSK9_editing_libraryA_screen,editing,MEDIUM,50.0,10.0,38.5,1.5,5.0,1.2987012987012987,3.85,14.0,2.0,1,0,1,0,0,0,0,1,0,0,1,0,0,0,0,0,0,0,0,0,0,,,,,,,,,0.0,editing_pct,0.0,0
xu_2026,xu_2026,LNP-021-ABE8e/sgRNA-PCSK9,invivo_PCSK9_editing_libraryA_screen,editing,MEDIUM,50.0,10.0,38.5,1.5,5.0,1.2987012987012987,3.85,14.0,2.0,1,0,1,0,0,0,0,1,0,0,1,0,0,0,0,0,0,0,0,0,0,,,,,,,,,1.0,editing_pct,0.0,0
xu_2026,xu_2026,LNP-022-ABE8e/sgRNA-PCSK9,invivo_PCSK9_editing_libraryA_screen,editing,MEDIUM,50.0,10.0,38.5,1.5,5.0,1.2987012987012987,3.85,14.0,2.0,1,0,1,0,0,0,0,1,0,0,1,0,0,0,0,0,0,0,0,0,0,,,,,,,,,0.0,editing_pct,0.0,0
xu_2026,xu_2026,LNP-023-ABE8e/sgRNA-PCSK9,invivo_PCSK9_editing_libraryA_screen,editing,MEDIUM,50.0,10.0,38.5,1.5,5.0,1.2987012987012987,3.85,14.0,2.0,1,0,1,0,0,0,0,1,0,0,1,0,0,0,0,0,0,0,0,0,0,,,,,,,,,0.0,editing_pct,0.0,0
xu_2026,xu_2026,LNP-024-ABE8e/sgRNA-PCSK9,invivo_PCSK9_editing_libraryA_screen,editing,MEDIUM,50.0,10.0,38.5,1.5,5.0,1.2987012987012987,3.85,14.0,2.0,1,0,1,0,0,0,0,1,0,0,1,0,0,0,0,0,0,0,0,0,0,,,,,,,,,0.0,editing_pct,0.0,0
xu_2026,xu_2026,LNP-025-ABE8e/sgRNA-PCSK9,invivo_PCSK9_editing_libraryA_screen,editing,MEDIUM,50.0,10.0,38.5,1.5,5.0,1.2987012987012987,3.85,14.0,2.0,1,0,1,0,0,0,0,1,0,0,1,0,0,0,0,0,0,0,0,0,0,,,,,,,,,1.0,editing_pct,0.0,0
xu_2026,xu_2026,LNP-026-ABE8e/sgRNA-PCSK9,invivo_PCSK9_editing_libraryA_screen,editing,MEDIUM,50.0,10.0,38.5,1.5,5.0,1.2987012987012987,3.85,14.0,2.0,1,0,1,0,0,0,0,1,0,0,1,0,0,0,0,0,0,0,0,0,0,,,,,,,,,1.0,editing_pct,0.0,0
xu_2026,xu_2026,LNP-027-ABE8e/sgRNA-PCSK9,invivo_PCSK9_editing_libraryA_screen,editing,MEDIUM,50.0,10.0,38.5,1.5,5.0,1.2987012987012987,3.85,14.0,2.0,1,0,1,0,0,0,0,1,0,0,1,0,0,0,0,0,0,0,0,0,0,,,,,,,,,1.0,editing_pct,0.0,0
xu_2026,xu_2026,LNP-028-ABE8e/sgRNA-PCSK9,invivo_PCSK9_editing_libraryA_screen,editing,MEDIUM,50.0,10.0,38.5,1.5,5.0,1.2987012987012987,3.85,14.0,2.0,1,0,1,0,0,0,0,1,0,0,1,0,0,0,0,0,0,0,0,0,0,,,,,,,,,1.0,editing_pct,0.0,0
xu_2026,xu_2026,LNP-029-ABE8e/sgRNA-PCSK9,invivo_PCSK9_editing_libraryA_screen,editing,MEDIUM,50.0,10.0,38.5,1.5,5.0,1.2987012987012987,3.85,14.0,2.0,1,0,1,0,0,0,0,1,0,0,1,0,0,0,0,0,0,0,0,0,0,,,,,,,,,1.0,editing_pct,0.0,0
xu_2026,xu_2026,LNP-030-ABE8e/sgRNA-PCSK9,invivo_PCSK9_editing_libraryA_screen,editing,MEDIUM,50.0,10.0,38.5,1.5,5.0,1.2987012987012987,3.85,14.0,2.0,1,0,1,0,0,0,0,1,0,0,1,0,0,0,0,0,0,0,0,0,0,,,,,,,,,0.0,editing_pct,0.0,0
xu_2026,xu_2026,LNP-031-ABE8e/sgRNA-PCSK9,invivo_PCSK9_editing_libraryA_screen,editing,MEDIUM,50.0,10.0,38.5,1.5,5.0,1.2987012987012987,3.85,14.0,2.0,1,0,1,0,0,0,0,1,0,0,1,0,0,0,0,0,0,0,0,0,0,,,,,,,,,0.0,editing_pct,0.0,0
xu_2026,xu_2026,LNP-032-ABE8e/sgRNA-PCSK9,invivo_PCSK9_editing_libraryA_screen,editing,MEDIUM,50.0,10.0,38.5,1.5,5.0,1.2987012987012987,3.85,14.0,2.0,1,0,1,0,0,0,0,1,0,0,1,0,0,0,0,0,0,0,0,0,0,,,,,,,,,0.0,editing_pct,0.0,0
xu_2026,xu_2026,LNP-033-ABE8e/sgRNA-PCSK9,invivo_PCSK9_editing_libraryA_screen,editing,MEDIUM,50.0,10.0,38.5,1.5,5.0,1.2987012987012987,3.85,14.0,2.0,1,0,1,0,0,0,0,1,0,0,1,0,0,0,0,0,0,0,0,0,0,,,,,,,,,0.0,editing_pct,0.0,0
xu_2026,xu_2026,LNP-034-ABE8e/sgRNA-PCSK9,invivo_PCSK9_editing_libraryA_screen,editing,MEDIUM,50.0,10.0,38.5,1.5,5.0,1.2987012987012987,3.85,14.0,2.0,1,0,1,0,0,0,0,1,0,0,1,0,0,0,0,0,0,0,0,0,0,,,,,,,,,0.0,editing_pct,0.0,0
xu_2026,xu_2026,LNP-035-ABE8e/sgRNA-PCSK9,invivo_PCSK9_editing_libraryA_screen,editing,MEDIUM,50.0,10.0,38.5,1.5,5.0,1.2987012987012987,3.85,14.0,2.0,1,0,1,0,0,0,0,1,0,0,1,0,0,0,0,0,0,0,0,0,0,,,,,,,,,0.0,editing_pct,0.0,0
xu_2026,xu_2026,LNP-200-ABE8e/sgRNA-PCSK9,invivo_PCSK9_editing_libraryB_screen,editing,MEDIUM,50.0,10.0,38.5,1.5,5.0,1.2987012987012987,3.85,14.0,2.0,1,0,1,0,0,0,0,1,0,0,1,0,0,0,0,0,0,0,0,0,0,,,,,,,,,0.0,editing_pct,0.0,0
xu_2026,xu_2026,LNP-201-ABE8e/sgRNA-PCSK9,invivo_PCSK9_editing_libraryB_screen,editing,MEDIUM,50.0,10.0,38.5,1.5,5.0,1.2987012987012987,3.85,14.0,2.0,1,0,1,0,0,0,0,1,0,0,1,0,0,0,0,0,0,0,0,0,0,,,,,,,,,0.0,editing_pct,0.0,0
xu_2026,xu_2026,LNP-202-ABE8e/sgRNA-PCSK9,invivo_PCSK9_editing_libraryB_screen,editing,MEDIUM,50.0,10.0,38.5,1.5,5.0,1.2987012987012987,3.85,14.0,2.0,1,0,1,0,0,0,0,1,0,0,1,0,0,0,0,0,0,0,0,0,0,,,,,,,,,0.0,editing_pct,0.0,0
xu_2026,xu_2026,LNP-203-ABE8e/sgRNA-PCSK9,invivo_PCSK9_editing_libraryB_screen,editing,MEDIUM,50.0,10.0,38.5,1.5,5.0,1.2987012987012987,3.85,14.0,2.0,1,0,1,0,0,0,0,1,0,0,1,0,0,0,0,0,0,0,0,0,0,,,,,,,,,0.0,editing_pct,0.0,0
xu_2026,xu_2026,LNP-204-ABE8e/sgRNA-PCSK9,invivo_PCSK9_editing_libraryB_screen,editing,MEDIUM,50.0,10.0,38.5,1.5,5.0,1.2987012987012987,3.85,14.0,2.0,1,0,1,0,0,0,0,1,0,0,1,0,0,0,0,0,0,0,0,0,0,,,,,,,,,0.0,editing_pct,0.0,0
xu_2026,xu_2026,LNP-205-ABE8e/sgRNA-PCSK9,invivo_PCSK9_editing_libraryB_screen,editing,MEDIUM,50.0,10.0,38.5,1.5,5.0,1.2987012987012987,3.85,14.0,2.0,1,0,1,0,0,0,0,1,0,0,1,0,0,0,0,0,0,0,0,0,0,,,,,,,,,0.0,editing_pct,0.0,0
xu_2026,xu_2026,LNP-206-ABE8e/sgRNA-PCSK9,invivo_PCSK9_editing_libraryB_screen,editing,MEDIUM,50.0,10.0,38.5,1.5,5.0,1.2987012987012987,3.85,14.0,2.0,1,0,1,0,0,0,0,1,0,0,1,0,0,0,0,0,0,0,0,0,0,,,,,,,,,0.0,editing_pct,0.0,0
xu_2026,xu_2026,LNP-207-ABE8e/sgRNA-PCSK9,invivo_PCSK9_editing_libraryB_screen,editing,MEDIUM,50.0,10.0,38.5,1.5,5.0,1.2987012987012987,3.85,14.0,2.0,1,0,1,0,0,0,0,1,0,0,1,0,0,0,0,0,0,0,0,0,0,,,,,,,,,0.0,editing_pct,0.0,0
xu_2026,xu_2026,LNP-208-ABE8e/sgRNA-PCSK9,invivo_PCSK9_editing_libraryB_screen,editing,MEDIUM,50.0,10.0,38.5,1.5,5.0,1.2987012987012987,3.85,14.0,2.0,1,0,1,0,0,0,0,1,0,0,1,0,0,0,0,0,0,0,0,0,0,,,,,,,,,0.0,editing_pct,0.0,0
xu_2026,xu_2026,LNP-209-ABE8e/sgRNA-PCSK9,invivo_PCSK9_editing_libraryB_screen,editing,MEDIUM,50.0,10.0,38.5,1.5,5.0,1.2987012987012987,3.85,14.0,2.0,1,0,1,0,0,0,0,1,0,0,1,0,0,0,0,0,0,0,0,0,0,,,,,,,,,0.0,editing_pct,0.0,0
xu_2026,xu_2026,LNP-210-ABE8e/sgRNA-PCSK9,invivo_PCSK9_editing_libraryB_screen,editing,MEDIUM,50.0,10.0,38.5,1.5,5.0,1.2987012987012987,3.85,14.0,2.0,1,0,1,0,0,0,0,1,0,0,1,0,0,0,0,0,0,0,0,0,0,,,,,,,,,0.0,editing_pct,0.0,0
xu_2026,xu_2026,LNP-211-ABE8e/sgRNA-PCSK9,invivo_PCSK9_editing_libraryB_screen,editing,MEDIUM,50.0,10.0,38.5,1.5,5.0,1.2987012987012987,3.85,14.0,2.0,1,0,1,0,0,0,0,1,0,0,1,0,0,0,0,0,0,0,0,0,0,,,,,,,,,0.0,editing_pct,0.0,0
xu_2026,xu_2026,LNP-212-ABE8e/sgRNA-PCSK9,invivo_PCSK9_editing_libraryB_screen,editing,MEDIUM,50.0,10.0,38.5,1.5,5.0,1.2987012987012987,3.85,14.0,2.0,1,0,1,0,0,0,0,1,0,0,1,0,0,0,0,0,0,0,0,0,0,,,,,,,,,0.0,editing_pct,0.0,0
xu_2026,xu_2026,LNP-213-ABE8e/sgRNA-PCSK9,invivo_PCSK9_editing_libraryB_screen,editing,MEDIUM,50.0,10.0,38.5,1.5,5.0,1.2987012987012987,3.85,14.0,2.0,1,0,1,0,0,0,0,1,0,0,1,0,0,0,0,0,0,0,0,0,0,,,,,,,,,0.0,editing_pct,0.0,0
xu_2026,xu_2026,LNP-214-ABE8e/sgRNA-PCSK9,invivo_PCSK9_editing_libraryB_screen,editing,MEDIUM,50.0,10.0,38.5,1.5,5.0,1.2987012987012987,3.85,14.0,2.0,1,0,1,0,0,0,0,1,0,0,1,0,0,0,0,0,0,0,0,0,0,,,,,,,,,0.0,editing_pct,0.0,0
xu_2026,xu_2026,LNP-215-ABE8e/sgRNA-PCSK9,invivo_PCSK9_editing_libraryB_screen,editing,MEDIUM,50.0,10.0,38.5,1.5,5.0,1.2987012987012987,3.85,14.0,2.0,1,0,1,0,0,0,0,1,0,0,1,0,0,0,0,0,0,0,0,0,0,,,,,,,,,0.0,editing_pct,0.0,0
xu_2026,xu_2026,LNP-216-ABE8e/sgRNA-PCSK9,invivo_PCSK9_editing_libraryB_screen,editing,MEDIUM,50.0,10.0,38.5,1.5,5.0,1.2987012987012987,3.85,14.0,2.0,1,0,1,0,0,0,0,1,0,0,1,0,0,0,0,0,0,0,0,0,0,,,,,,,,,0.0,editing_pct,0.0,0
xu_2026,xu_2026,LNP-217-ABE8e/sgRNA-PCSK9,invivo_PCSK9_editing_libraryB_screen,editing,MEDIUM,50.0,10.0,38.5,1.5,5.0,1.2987012987012987,3.85,14.0,2.0,1,0,1,0,0,0,0,1,0,0,1,0,0,0,0,0,0,0,0,0,0,,,,,,,,,0.0,editing_pct,0.0,0
xu_2026,xu_2026,LNP-218-ABE8e/sgRNA-PCSK9,invivo_PCSK9_editing_libraryB_screen,editing,MEDIUM,50.0,10.0,38.5,1.5,5.0,1.2987012987012987,3.85,14.0,2.0,1,0,1,0,0,0,0,1,0,0,1,0,0,0,0,0,0,0,0,0,0,,,,,,,,,0.0,editing_pct,0.0,0
xu_2026,xu_2026,LNP-219-ABE8e/sgRNA-PCSK9,invivo_PCSK9_editing_libraryB_screen,editing,MEDIUM,50.0,10.0,38.5,1.5,5.0,1.2987012987012987,3.85,14.0,2.0,1,0,1,0,0,0,0,1,0,0,1,0,0,0,0,0,0,0,0,0,0,,,,,,,,,0.0,editing_pct,0.0,0
xu_2026,xu_2026,LNP-220-ABE8e/sgRNA-PCSK9,invivo_PCSK9_editing_libraryB_screen,editing,MEDIUM,50.0,10.0,38.5,1.5,5.0,1.2987012987012987,3.85,14.0,2.0,1,0,1,0,0,0,0,1,0,0,1,0,0,0,0,0,0,0,0,0,0,,,,,,,,,0.0,editing_pct,0.0,0
xu_2026,xu_2026,LNP-221-ABE8e/sgRNA-PCSK9,invivo_PCSK9_editing_libraryB_screen,editing,MEDIUM,50.0,10.0,38.5,1.5,5.0,1.2987012987012987,3.85,14.0,2.0,1,0,1,0,0,0,0,1,0,0,1,0,0,0,0,0,0,0,0,0,0,,,,,,,,,0.0,editing_pct,0.0,0
xu_2026,xu_2026,LNP-222-ABE8e/sgRNA-PCSK9,invivo_PCSK9_editing_libraryB_screen,editing,MEDIUM,50.0,10.0,38.5,1.5,5.0,1.2987012987012987,3.85,14.0,2.0,1,0,1,0,0,0,0,1,0,0,1,0,0,0,0,0,0,0,0,0,0,,,,,,,,,0.0,editing_pct,0.0,0
xu_2026,xu_2026,LNP-223-ABE8e/sgRNA-PCSK9,invivo_PCSK9_editing_libraryB_screen,editing,MEDIUM,50.0,10.0,38.5,1.5,5.0,1.2987012987012987,3.85,14.0,2.0,1,0,1,0,0,0,0,1,0,0,1,0,0,0,0,0,0,0,0,0,0,,,,,,,,,0.0,editing_pct,0.0,0
xu_2026,xu_2026,LNP-224-ABE8e/sgRNA-PCSK9,invivo_PCSK9_editing_libraryB_screen,editing,MEDIUM,50.0,10.0,38.5,1.5,5.0,1.2987012987012987,3.85,14.0,2.0,1,0,1,0,0,0,0,1,0,0,1,0,0,0,0,0,0,0,0,0,0,,,,,,,,,0.0,editing_pct,0.0,0
xu_2026,xu_2026,LNP-225-ABE8e/sgRNA-PCSK9,invivo_PCSK9_editing_libraryB_screen,editing,MEDIUM,50.0,10.0,38.5,1.5,5.0,1.2987012987012987,3.85,14.0,2.0,1,0,1,0,0,0,0,1,0,0,1,0,0,0,0,0,0,0,0,0,0,,,,,,,,,0.0,editing_pct,0.0,0
xu_2026,xu_2026,LNP-226-ABE8e/sgRNA-PCSK9,invivo_PCSK9_editing_libraryB_screen,editing,MEDIUM,50.0,10.0,38.5,1.5,5.0,1.2987012987012987,3.85,14.0,2.0,1,0,1,0,0,0,0,1,0,0,1,0,0,0,0,0,0,0,0,0,0,,,,,,,,,0.0,editing_pct,0.0,0
xu_2026,xu_2026,LNP-227-ABE8e/sgRNA-PCSK9,invivo_PCSK9_editing_libraryB_screen,editing,MEDIUM,50.0,10.0,38.5,1.5,5.0,1.2987012987012987,3.85,14.0,2.0,1,0,1,0,0,0,0,1,0,0,1,0,0,0,0,0,0,0,0,0,0,,,,,,,,,0.0,editing_pct,0.0,0
xu_2026,xu_2026,LNP-228-ABE8e/sgRNA-PCSK9,invivo_PCSK9_editing_libraryB_screen,editing,MEDIUM,50.0,10.0,38.5,1.5,5.0,1.2987012987012987,3.85,14.0,2.0,1,0,1,0,0,0,0,1,0,0,1,0,0,0,0,0,0,0,0,0,0,,,,,,,,,0.0,editing_pct,0.0,0
xu_2026,xu_2026,LNP-229-ABE8e/sgRNA-PCSK9,invivo_PCSK9_editing_libraryB_screen,editing,MEDIUM,50.0,10.0,38.5,1.5,5.0,1.2987012987012987,3.85,14.0,2.0,1,0,1,0,0,0,0,1,0,0,1,0,0,0,0,0,0,0,0,0,0,,,,,,,,,0.0,editing_pct,0.0,0
xu_2026,xu_2026,LNP-230-ABE8e/sgRNA-PCSK9,invivo_PCSK9_editing_libraryB_screen,editing,MEDIUM,50.0,10.0,38.5,1.5,5.0,1.2987012987012987,3.85,14.0,2.0,1,0,1,0,0,0,0,1,0,0,1,0,0,0,0,0,0,0,0,0,0,,,,,,,,,0.0,editing_pct,0.0,0
xu_2026,xu_2026,LNP-231-ABE8e/sgRNA-PCSK9,invivo_PCSK9_editing_libraryB_screen,editing,MEDIUM,50.0,10.0,38.5,1.5,5.0,1.2987012987012987,3.85,14.0,2.0,1,0,1,0,0,0,0,1,0,0,1,0,0,0,0,0,0,0,0,0,0,,,,,,,,,0.0,editing_pct,0.0,0
xu_2026,xu_2026,LNP-300-ABE8e/sgRNA-PCSK9,invivo_PCSK9_editing_libraryC_screen,editing,MEDIUM,50.0,10.0,38.5,1.5,5.0,1.2987012987012987,3.85,14.0,2.0,1,0,1,0,0,0,0,1,0,0,1,0,0,0,0,0,0,0,0,0,0,,,,,,,,,0.0,editing_pct,0.0,0
xu_2026,xu_2026,LNP-301-ABE8e/sgRNA-PCSK9,invivo_PCSK9_editing_libraryC_screen,editing,MEDIUM,50.0,10.0,38.5,1.5,5.0,1.2987012987012987,3.85,14.0,2.0,1,0,1,0,0,0,0,1,0,0,1,0,0,0,0,0,0,0,0,0,0,,,,,,,,,0.0,editing_pct,0.0,0
xu_2026,xu_2026,LNP-302-ABE8e/sgRNA-PCSK9,invivo_PCSK9_editing_libraryC_screen,editing,MEDIUM,50.0,10.0,38.5,1.5,5.0,1.2987012987012987,3.85,14.0,2.0,1,0,1,0,0,0,0,1,0,0,1,0,0,0,0,0,0,0,0,0,0,,,,,,,,,0.0,editing_pct,0.0,0
xu_2026,xu_2026,LNP-303-ABE8e/sgRNA-PCSK9,invivo_PCSK9_editing_libraryC_screen,editing,MEDIUM,50.0,10.0,38.5,1.5,5.0,1.2987012987012987,3.85,14.0,2.0,1,0,1,0,0,0,0,1,0,0,1,0,0,0,0,0,0,0,0,0,0,,,,,,,,,0.0,editing_pct,0.0,0
xu_2026,xu_2026,LNP-304-ABE8e/sgRNA-PCSK9,invivo_PCSK9_editing_libraryC_screen,editing,MEDIUM,50.0,10.0,38.5,1.5,5.0,1.2987012987012987,3.85,14.0,2.0,1,0,1,0,0,0,0,1,0,0,1,0,0,0,0,0,0,0,0,0,0,,,,,,,,,0.0,editing_pct,0.0,0
xu_2026,xu_2026,LNP-305-ABE8e/sgRNA-PCSK9,invivo_PCSK9_editing_libraryC_screen,editing,MEDIUM,50.0,10.0,38.5,1.5,5.0,1.2987012987012987,3.85,14.0,2.0,1,0,1,0,0,0,0,1,0,0,1,0,0,0,0,0,0,0,0,0,0,,,,,,,,,0.0,editing_pct,0.0,0
xu_2026,xu_2026,LNP-306-ABE8e/sgRNA-PCSK9,invivo_PCSK9_editing_libraryC_screen,editing,MEDIUM,50.0,10.0,38.5,1.5,5.0,1.2987012987012987,3.85,14.0,2.0,1,0,1,0,0,0,0,1,0,0,1,0,0,0,0,0,0,0,0,0,0,,,,,,,,,0.0,editing_pct,0.0,0
xu_2026,xu_2026,LNP-307-ABE8e/sgRNA-PCSK9,invivo_PCSK9_editing_libraryC_screen,editing,MEDIUM,50.0,10.0,38.5,1.5,5.0,1.2987012987012987,3.85,14.0,2.0,1,0,1,0,0,0,0,1,0,0,1,0,0,0,0,0,0,0,0,0,0,,,,,,,,,0.0,editing_pct,0.0,0
xu_2026,xu_2026,LNP-308-ABE8e/sgRNA-PCSK9,invivo_PCSK9_editing_libraryC_screen,editing,MEDIUM,50.0,10.0,38.5,1.5,5.0,1.2987012987012987,3.85,14.0,2.0,1,0,1,0,0,0,0,1,0,0,1,0,0,0,0,0,0,0,0,0,0,,,,,,,,,0.0,editing_pct,0.0,0
xu_2026,xu_2026,LNP-309-ABE8e/sgRNA-PCSK9,invivo_PCSK9_editing_libraryC_screen,editing,MEDIUM,50.0,10.0,38.5,1.5,5.0,1.2987012987012987,3.85,14.0,2.0,1,0,1,0,0,0,0,1,0,0,1,0,0,0,0,0,0,0,0,0,0,,,,,,,,,0.0,editing_pct,0.0,0
xu_2026,xu_2026,LNP-310-ABE8e/sgRNA-PCSK9,invivo_PCSK9_editing_libraryC_screen,editing,MEDIUM,50.0,10.0,38.5,1.5,5.0,1.2987012987012987,3.85,14.0,2.0,1,0,1,0,0,0,0,1,0,0,1,0,0,0,0,0,0,0,0,0,0,,,,,,,,,0.0,editing_pct,0.0,0
xu_2026,xu_2026,LNP-311-ABE8e/sgRNA-PCSK9,invivo_PCSK9_editing_libraryC_screen,editing,MEDIUM,50.0,10.0,38.5,1.5,5.0,1.2987012987012987,3.85,14.0,2.0,1,0,1,0,0,0,0,1,0,0,1,0,0,0,0,0,0,0,0,0,0,,,,,,,,,0.0,editing_pct,0.0,0
xu_2026,xu_2026,LNP-312-ABE8e/sgRNA-PCSK9,invivo_PCSK9_editing_libraryC_screen,editing,MEDIUM,50.0,10.0,38.5,1.5,5.0,1.2987012987012987,3.85,14.0,2.0,1,0,1,0,0,0,0,1,0,0,1,0,0,0,0,0,0,0,0,0,0,,,,,,,,,0.0,editing_pct,0.0,0
xu_2026,xu_2026,LNP-313-ABE8e/sgRNA-PCSK9,invivo_PCSK9_editing_libraryC_screen,editing,MEDIUM,50.0,10.0,38.5,1.5,5.0,1.2987012987012987,3.85,14.0,2.0,1,0,1,0,0,0,0,1,0,0,1,0,0,0,0,0,0,0,0,0,0,,,,,,,,,0.0,editing_pct,0.0,0
xu_2026,xu_2026,LNP-314-ABE8e/sgRNA-PCSK9,invivo_PCSK9_editing_libraryC_screen,editing,MEDIUM,50.0,10.0,38.5,1.5,5.0,1.2987012987012987,3.85,14.0,2.0,1,0,1,0,0,0,0,1,0,0,1,0,0,0,0,0,0,0,0,0,0,,,,,,,,,0.0,editing_pct,0.0,0
xu_2026,xu_2026,LNP-315-ABE8e/sgRNA-PCSK9,invivo_PCSK9_editing_libraryC_screen,editing,MEDIUM,50.0,10.0,38.5,1.5,5.0,1.2987012987012987,3.85,14.0,2.0,1,0,1,0,0,0,0,1,0,0,1,0,0,0,0,0,0,0,0,0,0,,,,,,,,,0.0,editing_pct,0.0,0
xu_2026,xu_2026,LNP-316-ABE8e/sgRNA-PCSK9,invivo_PCSK9_editing_libraryC_screen,editing,MEDIUM,50.0,10.0,38.5,1.5,5.0,1.2987012987012987,3.85,14.0,2.0,1,0,1,0,0,0,0,1,0,0,1,0,0,0,0,0,0,0,0,0,0,,,,,,,,,0.0,editing_pct,0.0,0
xu_2026,xu_2026,LNP-317-ABE8e/sgRNA-PCSK9,invivo_PCSK9_editing_libraryC_screen,editing,MEDIUM,50.0,10.0,38.5,1.5,5.0,1.2987012987012987,3.85,14.0,2.0,1,0,1,0,0,0,0,1,0,0,1,0,0,0,0,0,0,0,0,0,0,,,,,,,,,0.0,editing_pct,0.0,0
xu_2026,xu_2026,LNP-318-ABE8e/sgRNA-PCSK9,invivo_PCSK9_editing_libraryC_screen,editing,MEDIUM,50.0,10.0,38.5,1.5,5.0,1.2987012987012987,3.85,14.0,2.0,1,0,1,0,0,0,0,1,0,0,1,0,0,0,0,0,0,0,0,0,0,,,,,,,,,0.0,editing_pct,0.0,0
xu_2026,xu_2026,LNP-319-ABE8e/sgRNA-PCSK9,invivo_PCSK9_editing_libraryC_screen,editing,MEDIUM,50.0,10.0,38.5,1.5,5.0,1.2987012987012987,3.85,14.0,2.0,1,0,1,0,0,0,0,1,0,0,1,0,0,0,0,0,0,0,0,0,0,,,,,,,,,0.0,editing_pct,0.0,0
xu_2026,xu_2026,LNP-320-ABE8e/sgRNA-PCSK9,invivo_PCSK9_editing_libraryC_screen,editing,MEDIUM,50.0,10.0,38.5,1.5,5.0,1.2987012987012987,3.85,14.0,2.0,1,0,1,0,0,0,0,1,0,0,1,0,0,0,0,0,0,0,0,0,0,,,,,,,,,0.0,editing_pct,0.0,0
xu_2026,xu_2026,LNP-321-ABE8e/sgRNA-PCSK9,invivo_PCSK9_editing_libraryC_screen,editing,MEDIUM,50.0,10.0,38.5,1.5,5.0,1.2987012987012987,3.85,14.0,2.0,1,0,1,0,0,0,0,1,0,0,1,0,0,0,0,0,0,0,0,0,0,,,,,,,,,0.0,editing_pct,0.0,0
xu_2026,xu_2026,LNP-322-ABE8e/sgRNA-PCSK9,invivo_PCSK9_editing_libraryC_screen,editing,MEDIUM,50.0,10.0,38.5,1.5,5.0,1.2987012987012987,3.85,14.0,2.0,1,0,1,0,0,0,0,1,0,0,1,0,0,0,0,0,0,0,0,0,0,,,,,,,,,0.0,editing_pct,0.0,0
xu_2026,xu_2026,LNP-323-ABE8e/sgRNA-PCSK9,invivo_PCSK9_editing_libraryC_screen,editing,MEDIUM,50.0,10.0,38.5,1.5,5.0,1.2987012987012987,3.85,14.0,2.0,1,0,1,0,0,0,0,1,0,0,1,0,0,0,0,0,0,0,0,0,0,,,,,,,,,0.0,editing_pct,0.0,0
xu_2026,xu_2026,LNP-324-ABE8e/sgRNA-PCSK9,invivo_PCSK9_editing_libraryC_screen,editing,MEDIUM,50.0,10.0,38.5,1.5,5.0,1.2987012987012987,3.85,14.0,2.0,1,0,1,0,0,0,0,1,0,0,1,0,0,0,0,0,0,0,0,0,0,,,,,,,,,0.0,editing_pct,0.0,0
xu_2026,xu_2026,LNP-121-ABE8e/sgRNA-PCSK9,invivo_PCSK9_editing_C57_secondary_screen,editing,MEDIUM,50.0,10.0,38.5,1.5,5.0,1.2987012987012987,3.85,14.0,2.0,1,0,1,0,0,0,0,1,0,0,1,0,0,0,0,0,0,0,0,0,0,,,,,,,,,0.0,editing_pct,0.0,0
xu_2026,xu_2026,LNP-122-ABE8e/sgRNA-PCSK9,invivo_PCSK9_editing_C57_secondary_screen,editing,MEDIUM,50.0,10.0,38.5,1.5,5.0,1.2987012987012987,3.85,14.0,2.0,1,0,1,0,0,0,0,1,0,0,1,0,0,0,0,0,0,0,0,0,0,,,,,,,,,0.0,editing_pct,0.0,0
xu_2026,xu_2026,LNP-123-ABE8e/sgRNA-PCSK9,invivo_PCSK9_editing_C57_secondary_screen,editing,MEDIUM,50.0,10.0,38.5,1.5,5.0,1.2987012987012987,3.85,14.0,2.0,1,0,1,0,0,0,0,1,0,0,1,0,0,0,0,0,0,0,0,0,0,,,,,,,,,1.0,editing_pct,0.0,0
xu_2026,xu_2026,LNP-124-ABE8e/sgRNA-PCSK9,invivo_PCSK9_editing_C57_secondary_screen,editing,MEDIUM,50.0,10.0,38.5,1.5,5.0,1.2987012987012987,3.85,14.0,2.0,1,0,1,0,0,0,0,1,0,0,1,0,0,0,0,0,0,0,0,0,0,,,,,,,,,1.0,editing_pct,0.0,0
xu_2026,xu_2026,LNP-125-ABE8e/sgRNA-PCSK9,invivo_PCSK9_editing_C57_secondary_screen,editing,MEDIUM,50.0,10.0,38.5,1.5,5.0,1.2987012987012987,3.85,14.0,2.0,1,0,1,0,0,0,0,1,0,0,1,0,0,0,0,0,0,0,0,0,0,,,,,,,,,0.0,editing_pct,0.0,0
xu_2026,xu_2026,LNP-126-ABE8e/sgRNA-PCSK9,invivo_PCSK9_editing_C57_secondary_screen,editing,MEDIUM,50.0,10.0,38.5,1.5,5.0,1.2987012987012987,3.85,14.0,2.0,1,0,1,0,0,0,0,1,0,0,1,0,0,0,0,0,0,0,0,0,0,,,,,,,,,1.0,editing_pct,0.0,0
xu_2026,xu_2026,LNP-127-ABE8e/sgRNA-PCSK9,invivo_PCSK9_editing_C57_secondary_screen,editing,MEDIUM,50.0,10.0,38.5,1.5,5.0,1.2987012987012987,3.85,14.0,2.0,1,0,1,0,0,0,0,1,0,0,1,0,0,0,0,0,0,0,0,0,0,,,,,,,,,0.0,editing_pct,0.0,0
xu_2026,xu_2026,LNP-128-ABE8e/sgRNA-PCSK9,invivo_PCSK9_editing_C57_secondary_screen,editing,MEDIUM,50.0,10.0,38.5,1.5,5.0,1.2987012987012987,3.85,14.0,2.0,1,0,1,0,0,0,0,1,0,0,1,0,0,0,0,0,0,0,0,0,0,,,,,,,,,0.0,editing_pct,0.0,0
xu_2026,xu_2026,LNP-129-ABE8e/sgRNA-PCSK9,invivo_PCSK9_editing_C57_secondary_screen,editing,MEDIUM,50.0,10.0,38.5,1.5,5.0,1.2987012987012987,3.85,14.0,2.0,1,0,1,0,0,0,0,1,0,0,1,0,0,0,0,0,0,0,0,0,0,,,,,,,,,0.0,editing_pct,0.0,0
xu_2026,xu_2026,LNP-140-ABE8e/sgRNA-PCSK9,invivo_PCSK9_editing_C57_secondary_screen,editing,MEDIUM,50.0,10.0,38.5,1.5,5.0,1.2987012987012987,3.85,14.0,2.0,1,0,1,0,0,0,0,1,0,0,1,0,0,0,0,0,0,0,0,0,0,,,,,,,,,0.0,editing_pct,0.0,0
xu_2026,xu_2026,LNP-141-ABE8e/sgRNA-PCSK9,invivo_PCSK9_editing_C57_secondary_screen,editing,MEDIUM,50.0,10.0,38.5,1.5,5.0,1.2987012987012987,3.85,14.0,2.0,1,0,1,0,0,0,0,1,0,0,1,0,0,0,0,0,0,0,0,0,0,,,,,,,,,0.0,editing_pct,0.0,0
xu_2026,xu_2026,LNP-142-ABE8e/sgRNA-PCSK9,invivo_PCSK9_editing_C57_secondary_screen,editing,MEDIUM,50.0,10.0,38.5,1.5,5.0,1.2987012987012987,3.85,14.0,2.0,1,0,1,0,0,0,0,1,0,0,1,0,0,0,0,0,0,0,0,0,0,,,,,,,,,0.0,editing_pct,0.0,0
xu_2026,xu_2026,LNP-143-ABE8e/sgRNA-PCSK9,invivo_PCSK9_editing_C57_secondary_screen,editing,MEDIUM,50.0,10.0,38.5,1.5,5.0,1.2987012987012987,3.85,14.0,2.0,1,0,1,0,0,0,0,1,0,0,1,0,0,0,0,0,0,0,0,0,0,,,,,,,,,1.0,editing_pct,0.0,0
xu_2026,xu_2026,LNP-144-ABE8e/sgRNA-PCSK9,invivo_PCSK9_editing_C57_secondary_screen,editing,MEDIUM,50.0,10.0,38.5,1.5,5.0,1.2987012987012987,3.85,14.0,2.0,1,0,1,0,0,0,0,1,0,0,1,0,0,0,0,0,0,0,0,0,0,,,,,,,,,1.0,editing_pct,0.0,0
xu_2026,xu_2026,LNP-145-ABE8e/sgRNA-PCSK9,invivo_PCSK9_editing_C57_secondary_screen,editing,MEDIUM,50.0,10.0,38.5,1.5,5.0,1.2987012987012987,3.85,14.0,2.0,1,0,1,0,0,0,0,1,0,0,1,0,0,0,0,0,0,0,0,0,0,,,,,,,,,1.0,editing_pct,0.0,0
xu_2026,xu_2026,LNP-146-ABE8e/sgRNA-PCSK9,invivo_PCSK9_editing_C57_secondary_screen,editing,MEDIUM,50.0,10.0,38.5,1.5,5.0,1.2987012987012987,3.85,14.0,2.0,1,0,1,0,0,0,0,1,0,0,1,0,0,0,0,0,0,0,0,0,0,,,,,,,,,1.0,editing_pct,0.0,0
xu_2026,xu_2026,LNP-147-ABE8e/sgRNA-PCSK9,invivo_PCSK9_editing_C57_secondary_screen,editing,MEDIUM,50.0,10.0,38.5,1.5,5.0,1.2987012987012987,3.85,14.0,2.0,1,0,1,0,0,0,0,1,0,0,1,0,0,0,0,0,0,0,0,0,0,,,,,,,,,1.0,editing_pct,0.0,0
xu_2026,xu_2026,LNP-148-ABE8e/sgRNA-PCSK9,invivo_PCSK9_editing_C57_secondary_screen,editing,MEDIUM,50.0,10.0,38.5,1.5,5.0,1.2987012987012987,3.85,14.0,2.0,1,0,1,0,0,0,0,1,0,0,1,0,0,0,0,0,0,0,0,0,0,,,,,,,,,1.0,editing_pct,0.0,0
xu_2026,xu_2026,LNP-149-ABE8e/sgRNA-PCSK9,invivo_PCSK9_editing_C57_secondary_screen,editing,MEDIUM,50.0,10.0,38.5,1.5,5.0,1.2987012987012987,3.85,14.0,2.0,1,0,1,0,0,0,0,1,0,0,1,0,0,0,0,0,0,0,0,0,0,,,,,,,,,1.0,editing_pct,0.0,0
xu_2026,xu_2026,LNP-150-ABE8e/sgRNA-PCSK9,invivo_PCSK9_editing_C57_secondary_screen,editing,MEDIUM,50.0,10.0,38.5,1.5,5.0,1.2987012987012987,3.85,14.0,2.0,1,0,1,0,0,0,0,1,0,0,1,0,0,0,0,0,0,0,0,0,0,,,,,,,,,1.0,editing_pct,0.0,0
xu_2026,xu_2026,LNP-152-ABE8e/sgRNA-PCSK9,invivo_PCSK9_editing_C57_secondary_screen,editing,MEDIUM,50.0,10.0,38.5,1.5,5.0,1.2987012987012987,3.85,14.0,2.0,1,0,1,0,0,0,0,1,0,0,1,0,0,0,0,0,0,0,0,0,0,,,,,,,,,1.0,editing_pct,0.0,0
xu_2026,xu_2026,LNP-153-ABE8e/sgRNA-PCSK9,invivo_PCSK9_editing_C57_secondary_screen,editing,MEDIUM,50.0,10.0,38.5,1.5,5.0,1.2987012987012987,3.85,14.0,2.0,1,0,1,0,0,0,0,1,0,0,1,0,0,0,0,0,0,0,0,0,0,,,,,,,,,1.0,editing_pct,0.0,0
xu_2026,xu_2026,LNP-154-ABE8e/sgRNA-PCSK9,invivo_PCSK9_editing_C57_secondary_screen,editing,MEDIUM,50.0,10.0,38.5,1.5,5.0,1.2987012987012987,3.85,14.0,2.0,1,0,1,0,0,0,0,1,0,0,1,0,0,0,0,0,0,0,0,0,0,,,,,,,,,0.0,editing_pct,0.0,0
xu_2026,xu_2026,LNP-155-ABE8e/sgRNA-PCSK9,invivo_PCSK9_editing_C57_secondary_screen,editing,MEDIUM,50.0,10.0,38.5,1.5,5.0,1.2987012987012987,3.85,14.0,2.0,1,0,1,0,0,0,0,1,0,0,1,0,0,0,0,0,0,0,0,0,0,,,,,,,,,0.0,editing_pct,0.0,0
xu_2026,xu_2026,LNP-156-ABE8e/sgRNA-PCSK9,invivo_PCSK9_editing_C57_secondary_screen,editing,MEDIUM,50.0,10.0,38.5,1.5,5.0,1.2987012987012987,3.85,14.0,2.0,1,0,1,0,0,0,0,1,0,0,1,0,0,0,0,0,0,0,0,0,0,,,,,,,,,0.0,editing_pct,0.0,0
xu_2026,xu_2026,LNP-157-ABE8e/sgRNA-PCSK9,invivo_PCSK9_editing_C57_secondary_screen,editing,MEDIUM,50.0,10.0,38.5,1.5,5.0,1.2987012987012987,3.85,14.0,2.0,1,0,1,0,0,0,0,1,0,0,1,0,0,0,0,0,0,0,0,0,0,,,,,,,,,0.0,editing_pct,0.0,0
xu_2026,xu_2026,LNP-158-ABE8e/sgRNA-PCSK9,invivo_PCSK9_editing_C57_secondary_screen,editing,MEDIUM,50.0,10.0,38.5,1.5,5.0,1.2987012987012987,3.85,14.0,2.0,1,0,1,0,0,0,0,1,0,0,1,0,0,0,0,0,0,0,0,0,0,,,,,,,,,1.0,editing_pct,0.0,0
xu_2026,xu_2026,LNP-159-ABE8e/sgRNA-PCSK9,invivo_PCSK9_editing_C57_secondary_screen,editing,MEDIUM,50.0,10.0,38.5,1.5,5.0,1.2987012987012987,3.85,14.0,2.0,1,0,1,0,0,0,0,1,0,0,1,0,0,0,0,0,0,0,0,0,0,,,,,,,,,1.0,editing_pct,0.0,0
xu_2026,xu_2026,LNP-160-ABE8e/sgRNA-PCSK9,invivo_PCSK9_editing_C57_secondary_screen,editing,MEDIUM,50.0,10.0,38.5,1.5,5.0,1.2987012987012987,3.85,14.0,2.0,1,0,1,0,0,0,0,1,0,0,1,0,0,0,0,0,0,0,0,0,0,,,,,,,,,1.0,editing_pct,0.0,0
xu_2026,xu_2026,LNP-161-ABE8e/sgRNA-PCSK9,invivo_PCSK9_editing_C57_secondary_screen,editing,MEDIUM,50.0,10.0,38.5,1.5,5.0,1.2987012987012987,3.85,14.0,2.0,1,0,1,0,0,0,0,1,0,0,1,0,0,0,0,0,0,0,0,0,0,,,,,,,,,1.0,editing_pct,0.0,0
xu_2026,xu_2026,LNP-162-ABE8e/sgRNA-PCSK9,invivo_PCSK9_editing_C57_secondary_screen,editing,MEDIUM,50.0,10.0,38.5,1.5,5.0,1.2987012987012987,3.85,14.0,2.0,1,0,1,0,0,0,0,1,0,0,1,0,0,0,0,0,0,0,0,0,0,,,,,,,,,1.0,editing_pct,0.0,0
xu_2026,xu_2026,LNP-166-ABE8e/sgRNA-PCSK9,invivo_PCSK9_editing_C57_secondary_screen,editing,MEDIUM,50.0,10.0,38.5,1.5,5.0,1.2987012987012987,3.85,14.0,2.0,1,0,1,0,0,0,0,1,0,0,1,0,0,0,0,0,0,0,0,0,0,,,,,,,,,0.0,editing_pct,0.0,0
xu_2026,xu_2026,LNP-180-ABE8e/sgRNA-PCSK9,invivo_PCSK9_editing_C57_secondary_screen,editing,MEDIUM,50.0,10.0,38.5,1.5,5.0,1.2987012987012987,3.85,14.0,2.0,1,0,1,0,0,0,0,1,0,0,1,0,0,0,0,0,0,0,0,0,0,,,,,,,,,0.0,editing_pct,0.0,0
xu_2026,xu_2026,LNP-181-ABE8e/sgRNA-PCSK9,invivo_PCSK9_editing_C57_secondary_screen,editing,MEDIUM,50.0,10.0,38.5,1.5,5.0,1.2987012987012987,3.85,14.0,2.0,1,0,1,0,0,0,0,1,0,0,1,0,0,0,0,0,0,0,0,0,0,,,,,,,,,0.0,editing_pct,0.0,0
xu_2026,xu_2026,LNP-182-ABE8e/sgRNA-PCSK9,invivo_PCSK9_editing_C57_secondary_screen,editing,MEDIUM,50.0,10.0,38.5,1.5,5.0,1.2987012987012987,3.85,14.0,2.0,1,0,1,0,0,0,0,1,0,0,1,0,0,0,0,0,0,0,0,0,0,,,,,,,,,0.0,editing_pct,0.0,0
xu_2026,xu_2026,LNP-183-ABE8e/sgRNA-PCSK9,invivo_PCSK9_editing_C57_secondary_screen,editing,MEDIUM,50.0,10.0,38.5,1.5,5.0,1.2987012987012987,3.85,14.0,2.0,1,0,1,0,0,0,0,1,0,0,1,0,0,0,0,0,0,0,0,0,0,,,,,,,,,1.0,editing_pct,0.0,0
xu_2026,xu_2026,LNP-184-ABE8e/sgRNA-PCSK9,invivo_PCSK9_editing_C57_secondary_screen,editing,MEDIUM,50.0,10.0,38.5,1.5,5.0,1.2987012987012987,3.85,14.0,2.0,1,0,1,0,0,0,0,1,0,0,1,0,0,0,0,0,0,0,0,0,0,,,,,,,,,1.0,editing_pct,0.0,0
xu_2026,xu_2026,LNP-185-ABE8e/sgRNA-PCSK9,invivo_PCSK9_editing_C57_secondary_screen,editing,MEDIUM,50.0,10.0,38.5,1.5,5.0,1.2987012987012987,3.85,14.0,2.0,1,0,1,0,0,0,0,1,0,0,1,0,0,0,0,0,0,0,0,0,0,,,,,,,,,0.0,editing_pct,0.0,0
xu_2026,xu_2026,LNP-186-ABE8e/sgRNA-PCSK9,invivo_PCSK9_editing_C57_secondary_screen,editing,MEDIUM,50.0,10.0,38.5,1.5,5.0,1.2987012987012987,3.85,14.0,2.0,1,0,1,0,0,0,0,1,0,0,1,0,0,0,0,0,0,0,0,0,0,,,,,,,,,0.0,editing_pct,0.0,0
xu_2026,xu_2026,LNP-187-ABE8e/sgRNA-PCSK9,invivo_PCSK9_editing_C57_secondary_screen,editing,MEDIUM,50.0,10.0,38.5,1.5,5.0,1.2987012987012987,3.85,14.0,2.0,1,0,1,0,0,0,0,1,0,0,1,0,0,0,0,0,0,0,0,0,0,,,,,,,,,0.0,editing_pct,0.0,0
xu_2026,xu_2026,LNP-188-ABE8e/sgRNA-PCSK9,invivo_PCSK9_editing_C57_secondary_screen,editing,MEDIUM,50.0,10.0,38.5,1.5,5.0,1.2987012987012987,3.85,14.0,2.0,1,0,1,0,0,0,0,1,0,0,1,0,0,0,0,0,0,0,0,0,0,,,,,,,,,0.0,editing_pct,0.0,0
xu_2026,xu_2026,LNP-189-ABE8e/sgRNA-PCSK9,invivo_PCSK9_editing_C57_secondary_screen,editing,MEDIUM,50.0,10.0,38.5,1.5,5.0,1.2987012987012987,3.85,14.0,2.0,1,0,1,0,0,0,0,1,0,0,1,0,0,0,0,0,0,0,0,0,0,,,,,,,,,0.0,editing_pct,0.0,0
